Timestamp,grouped_soil,grouped_soil_temp,rolling_mean_grouped_soil,rolling_mean_grouped_soil_temp,hour,minute,date,month,day_of_year,Temperature,Humidity,Rain,Cloudcover,Shortwave_Radiation,Windspeed,Winddirection,Soil_temperature_7-28,Soil_moisture_0-7,Et0_evapotranspiration,gradient,irrigation_amount
2025-03-11 00:00:00+01:00,11.4,12.0,11.390397468300844,12.0,0,0,11,3,70,7.0,83.0,0.0,100.0,0.0,8.0,247.0,5.3,0.219,0.0,0.10273632586443604,0.0
2025-03-11 01:00:00+01:00,11.549999999999999,12.0,11.49313379416528,12.0,1,0,11,3,70,6.7,84.0,0.0,99.0,0.0,8.3,248.0,5.3,0.219,0.0,0.13323436876693773,0.0
2025-03-11 02:00:00+01:00,11.716666666666667,12.0,11.656866205834719,12.0,2,0,11,3,70,7.5,80.0,0.0,100.0,0.0,7.0,241.0,5.4,0.199,0.0,0.17191901470248006,0.0
2025-03-11 03:00:00+01:00,11.9,12.0,11.83697182357024,12.0,3,0,11,3,70,7.5,81.0,0.0,100.0,0.0,8.1,238.0,5.4,0.199,0.0,0.18503271984958758,0.0
2025-03-11 04:00:00+01:00,12.066666666666668,12.0,12.026931645533894,12.0,4,0,11,3,70,7.5,83.0,0.0,100.0,0.0,8.1,241.0,5.4,0.199,0.0,0.1414478434980726,0.0
2025-03-11 05:00:00+01:00,12.133333333333333,12.0,12.119867510566385,12.0,5,0,11,3,70,7.4,85.0,0.0,100.0,0.0,8.7,238.0,5.4,0.199,0.0,0.12400632924789345,0.0
2025-03-11 06:00:00+01:00,12.516666666666666,12.0,12.274944304029681,12.0,6,0,11,3,70,7.0,87.0,0.0,100.0,0.0,7.7,252.0,5.3,0.199,0.0,0.1924040051338478,0.0
2025-03-11 07:00:00+01:00,12.328571428571427,12.0,12.50467552083408,12.0,7,0,11,3,70,6.5,89.0,0.0,100.0,7.0,6.7,246.0,5.3,0.199,0.01,-0.029039854115112007,0.0
2025-03-11 08:00:00+01:00,12.15,12.0,12.216864595799457,12.0,8,0,11,3,70,7.9,85.0,0.0,100.0,80.0,5.5,243.0,5.3,0.199,0.03,-0.3142031612341283,0.0
2025-03-11 09:00:00+01:00,11.75,12.0,11.876269198365824,12.0,9,0,11,3,70,9.8,76.0,0.0,100.0,174.0,5.5,257.0,5.3,0.198,0.08,-0.4348004608319469,0.0
2025-03-11 10:00:00+01:00,11.066666666666668,12.0,11.347263674135563,12.0,10,0,11,3,70,11.2,70.0,0.0,100.0,272.0,6.5,265.0,5.4,0.198,0.13,-0.7532008438997195,0.0
2025-03-11 11:00:00+01:00,10.033333333333333,12.0,10.369867510566385,12.0,11,0,11,3,70,12.9,61.0,0.0,100.0,450.0,5.2,282.0,5.5,0.196,0.22,-0.7040580409690982,0.0
2025-03-11 12:00:00+01:00,10.028571428571428,17.2,9.939147592197367,15.31989900107283,12,0,11,3,70,13.9,55.0,0.0,99.0,511.0,6.0,309.0,5.7,0.195,0.27,-0.049999999999998934,0.0
2025-03-11 13:00:00+01:00,10.433333333333334,20.849999999999998,10.269867510566387,19.95918879601113,13,0,11,3,70,14.4,49.0,0.1,100.0,509.0,7.8,285.0,6.0,0.194,0.27,0.4473251295856242,0.0
2025-03-11 14:00:00+01:00,10.983333333333334,21.01666666666667,10.833797851368615,21.171725582707516,14,0,11,3,70,14.2,51.0,0.0,100.0,426.0,7.9,286.0,6.0,0.194,0.24,0.44506543969917445,0.0
2025-03-11 15:00:00+01:00,11.233333333333334,19.666666666666668,11.159998389964736,20.16026497886723,15,0,11,3,70,14.6,47.0,0.0,100.0,332.0,10.3,272.0,6.3,0.192,0.21,0.24303482959888623,0.0
2025-03-11 16:00:00+01:00,11.366666666666667,18.116666666666667,11.319867510566388,18.639735021132772,16,0,11,3,70,14.1,50.0,0.0,100.0,223.0,11.0,274.0,6.6,0.191,0.16,0.15333413835096543,0.0
2025-03-11 17:00:00+01:00,11.516666666666666,17.066666666666666,11.466666666666667,17.380132489433617,17,0,11,3,70,12.8,61.0,0.0,100.0,121.0,7.8,283.0,6.8,0.191,0.08,0.14509976958402593,0.0
2025-03-11 18:00:00+01:00,11.649999999999999,15.950000000000001,11.61006704973444,16.323068354466105,18,0,11,3,70,10.6,72.0,0.0,100.0,32.0,5.2,264.0,7.0,0.191,0.03,0.12339957805014024,0.0
2025-03-11 19:00:00+01:00,11.716666666666667,14.666666666666666,11.713465822766947,15.093598312200562,19,0,11,3,70,9.2,77.0,0.0,94.0,0.0,4.9,253.0,7.0,0.191,0.0,0.07628148418968284,0.0
2025-03-11 20:00:00+01:00,11.828571428571427,14.3,11.762630018113805,14.327775111939516,20,0,11,3,70,8.1,81.0,0.0,23.0,0.0,5.0,244.0,7.1,0.191,0.0,0.17660042194986048,0.0
2025-03-11 21:00:00+01:00,12.183333333333332,14.300000000000002,12.066666666666668,14.300000000000002,21,0,11,3,70,7.4,83.0,0.0,16.0,0.0,5.3,232.0,7.1,0.19,0.0,0.3153508525921316,0.0
2025-03-11 22:00:00+01:00,12.483333333333334,14.300000000000002,12.393331723298068,14.300000000000002,22,0,11,3,70,7.0,82.0,0.0,14.0,0.0,5.7,229.0,7.0,0.19,0.0,0.2833333333333323,0.0
2025-03-11 23:00:00+01:00,12.716666666666667,14.300000000000002,12.633333333333333,14.300000000000002,23,0,11,3,70,6.8,82.0,0.0,28.0,0.0,6.0,245.0,6.9,0.19,0.0,0.24347712633822294,0.0
2025-03-12 00:00:00+01:00,12.914285714285715,14.3,12.880285975974514,14.3,0,0,12,3,71,5.8,85.0,0.0,43.0,0.0,5.4,222.0,6.8,0.19,0.0,0.1426643625069346,0.0
2025-03-12 01:00:00+01:00,12.75,11.5,12.918662058347202,13.187419408282404,1,0,12,3,71,5.5,85.0,0.0,77.0,0.0,5.7,212.0,6.7,0.19,0.0,-0.29545994649641116,0.0
2025-03-12 02:00:00+01:00,12.219999999999999,8.540000000000001,12.289366082981692,8.868054498067773,2,0,12,3,71,6.1,88.0,0.1,36.0,0.0,7.4,247.0,6.5,0.176,0.0,-0.36596497599067934,0.0
2025-03-12 03:00:00+01:00,12.166666666666666,8.3,12.186732106365843,8.339201843327785,3,0,12,3,71,5.2,91.0,0.0,55.0,0.0,6.7,270.0,6.4,0.176,0.0,-0.040368591604657666,0.0
2025-03-12 04:00:00+01:00,12.228571428571428,8.3,12.208628899772377,8.3,4,0,12,3,71,4.4,96.0,0.0,100.0,0.0,7.7,294.0,6.3,0.176,0.0,0.055033524867219796,0.0
2025-03-12 05:00:00+01:00,12.316666666666668,8.3,12.296799156100283,8.3,5,0,12,3,71,3.6,99.0,0.0,100.0,0.0,4.6,301.0,6.2,0.176,0.0,0.05891911386311932,0.0
2025-03-12 06:00:00+01:00,12.350000000000001,8.3,12.326467127498615,8.3,6,0,12,3,71,3.8,100.0,0.0,100.0,0.0,4.8,307.0,6.1,0.176,0.0,0.018598312200561296,0.0
2025-03-12 07:00:00+01:00,12.25,7.3,12.333995780501406,7.633333333333334,7,0,12,3,71,4.2,97.0,0.0,100.0,5.0,4.3,336.0,6.0,0.176,0.01,-0.06771766717788719,0.0
2025-03-12 08:00:00+01:00,12.2,7.3,12.191031793142841,7.3,8,0,12,3,71,4.7,94.0,0.0,100.0,38.0,2.0,63.0,5.9,0.176,0.02,-0.10376432650139567,0.0
2025-03-12 09:00:00+01:00,12.1,7.3,12.126467127498614,7.3,9,0,12,3,71,5.2,93.0,0.0,100.0,92.0,3.8,357.0,5.8,0.176,0.04,-0.023815705037534052,0.0
2025-03-12 10:00:00+01:00,12.183333333333332,7.3,12.143400383067773,7.3,10,0,12,3,71,6.3,89.0,0.0,100.0,218.0,4.7,32.0,5.8,0.176,0.09,0.0018326809674995559,0.0
2025-03-12 11:00:00+01:00,12.083333333333334,7.3,12.130132489433613,7.3,11,0,12,3,71,6.7,87.0,0.0,100.0,189.0,6.0,29.0,5.8,0.176,0.08,-0.030130012148284813,0.0
2025-03-12 12:00:00+01:00,12.1,7.3,12.083140358771203,7.3,12,0,12,3,71,7.6,84.0,0.0,100.0,226.0,4.8,45.0,5.9,0.175,0.11,-0.02533122358403528,0.0
2025-03-12 13:00:00+01:00,12.083333333333334,7.3,12.079470042265543,7.3,13,0,12,3,71,8.4,82.0,0.0,100.0,234.0,6.4,32.0,5.9,0.175,0.11,0.005130012148285346,0.0
2025-03-12 14:00:00+01:00,12.083333333333334,7.333333333333333,12.093400383067774,7.306401687799437,14,0,12,3,71,6.8,84.0,0.1,100.0,199.0,8.9,352.0,5.7,0.203,0.09,0.05866455691736938,0.0
2025-03-12 15:00:00+01:00,12.233333333333334,7.5,12.196799156100282,7.460264978867229,15,0,12,3,71,6.5,85.0,0.1,100.0,129.0,8.9,351.0,5.7,0.203,0.06,0.11750069598063195,0.0
2025-03-12 16:00:00+01:00,12.342857142857143,7.414285714285714,12.328401775029038,7.465941410457624,16,0,12,3,71,6.4,85.0,0.1,100.0,127.0,9.2,360.0,5.8,0.203,0.06,0.04826628359889362,0.0
2025-03-12 17:00:00+01:00,12.316666666666668,7.3,12.293331723298069,7.306401687799437,17,0,12,3,71,6.3,86.0,0.2,100.0,62.0,8.1,12.0,5.8,0.205,0.04,-0.022835139635196455,10.0
2025-03-12 18:00:00+01:00,12.266666666666666,7.033333333333334,12.282731495758645,7.166666666666667,18,0,12,3,71,5.8,90.0,0.6,100.0,13.0,8.5,355.0,5.8,0.211,0.02,0.03023547908816937,0.0
2025-03-12 19:00:00+01:00,12.450000000000001,6.900000000000001,12.353802681474408,6.8999999999999995,19,0,12,3,71,5.0,97.0,0.9,100.0,0.0,10.1,333.0,5.8,0.223,0.0,0.17449083580710578,0.0
2025-03-12 20:00:00+01:00,12.657142857142857,6.428571428571429,12.631713167372856,6.712677757516935,20,0,12,3,71,4.5,98.0,0.5,100.0,0.0,13.1,326.0,5.8,0.23,0.0,0.13793264496196223,0.0
2025-03-12 21:00:00+01:00,12.633333333333333,5.8,12.629667971398332,5.835209282896908,21,0,12,3,71,3.9,97.0,0.2,100.0,0.0,10.1,333.0,5.7,0.232,0.0,0.04257571421329942,0.0
2025-03-12 22:00:00+01:00,12.733333333333334,5.6000000000000005,12.716864595799455,5.741197235008322,22,0,12,3,71,3.7,98.0,0.0,100.0,0.0,7.5,323.0,5.7,0.232,0.0,0.03346662778457876,0.0
2025-03-12 23:00:00+01:00,12.683333333333332,5.1499999999999995,12.69660122696749,5.238935254425293,23,0,12,3,71,3.5,98.0,0.1,100.0,0.0,8.0,316.0,5.6,0.233,0.0,-0.00560389064305955,0.0
2025-03-13 00:00:00+01:00,12.714285714285714,5.1,12.705656814513336,5.102743580485473,0,0,13,3,72,3.3,99.0,0.1,100.0,0.0,8.9,332.0,5.5,0.235,0.0,0.005033524867220862,0.0
2025-03-13 01:00:00+01:00,12.700000000000001,5.1,12.706668276701931,5.1,1,0,13,3,72,3.1,98.0,0.0,100.0,0.0,7.2,347.0,5.4,0.235,0.0,0.018970748843613272,0.0
2025-03-13 02:00:00+01:00,12.783333333333333,5.1,12.743598312200563,5.1,2,0,13,3,72,2.4,99.0,0.3,100.0,0.0,7.6,345.0,5.5,0.238,0.0,0.03993295026556076,0.0
2025-03-13 03:00:00+01:00,12.783333333333333,5.0,12.786534177233053,5.080794936601685,3,0,13,3,72,2.2,99.0,0.3,100.0,0.0,7.3,329.0,5.3,0.242,0.0,0.012458512600071359,0.0
2025-03-13 04:00:00+01:00,12.757142857142856,4.5,12.768515337400705,4.602175768627126,4,0,13,3,72,1.9,99.0,0.2,100.0,0.0,8.7,336.0,5.2,0.245,0.0,-0.014868315584018355,0.0
2025-03-13 05:00:00+01:00,12.75,4.5,12.756797546065016,4.5,5,0,13,3,72,1.8,100.0,0.1,100.0,0.0,8.5,333.0,5.1,0.246,0.0,0.009009419916173655,0.0
2025-03-13 06:00:00+01:00,12.816666666666668,4.5,12.786534177233053,4.5,6,0,13,3,72,1.7,99.0,0.3,100.0,0.0,9.0,329.0,4.9,0.25,0.0,0.0615685071179044,0.0
2025-03-13 07:00:00+01:00,12.9,4.5,12.879934560300825,4.5,7,0,13,3,72,1.6,100.0,0.4,100.0,2.0,12.3,326.0,4.8,0.254,0.01,0.05673291138347469,0.0
2025-03-13 08:00:00+01:00,12.9,4.5,12.900000000000002,4.5,8,0,13,3,72,1.9,99.0,0.2,100.0,16.0,13.0,323.0,4.7,0.257,0.01,-0.005728799169906651,0.0
2025-03-13 09:00:00+01:00,12.819999999999999,3.9,12.868476961961012,4.14,9,0,13,3,72,2.1,98.0,0.2,100.0,27.0,11.8,324.0,4.6,0.259,0.02,-0.08013248943361528,0.0
2025-03-13 10:00:00+01:00,12.716666666666667,3.966666666666667,12.739735021132772,3.9333333333333336,10,0,13,3,72,2.3,99.0,0.3,100.0,42.0,11.3,321.0,4.5,0.263,0.02,-0.1391730412813308,0.0
2025-03-13 11:00:00+01:00,12.5,4.0,12.59013087939835,4.0,11,0,13,3,72,3.0,94.0,0.2,100.0,74.0,11.9,333.0,4.4,0.265,0.03,-0.18560984186603235,0.0
2025-03-13 12:00:00+01:00,12.314285714285715,4.0,12.368515337400707,4.0,12,0,13,3,72,3.8,87.0,0.2,100.0,108.0,12.6,338.0,4.4,0.267,0.05,-0.19036313841599117,0.0
2025-03-13 13:00:00+01:00,12.233333333333333,4.0,12.209404602566368,4.0,13,0,13,3,72,4.4,81.0,0.1,100.0,129.0,13.0,340.0,4.3,0.268,0.06,-0.04876043081548431,0.0
2025-03-13 14:00:00+01:00,12.233333333333333,4.0,12.270994475769738,4.0,14,0,13,3,72,4.5,81.0,0.1,100.0,125.0,12.3,328.0,4.5,0.254,0.06,0.001798351082648253,0.0
2025-03-13 15:00:00+01:00,12.200000000000001,4.0,12.213001304731664,4.0,15,0,13,3,72,4.8,77.0,0.1,100.0,113.0,11.8,321.0,4.5,0.254,0.06,-0.06269687621356113,0.0
2025-03-13 16:00:00+01:00,12.142857142857142,4.0,12.145600723342616,4.0,16,0,13,3,72,5.3,70.0,0.0,100.0,108.0,10.7,316.0,4.5,0.253,0.07,-0.03320003888208678,0.0
2025-03-13 17:00:00+01:00,12.149999999999999,4.0,12.14660122696749,4.0,17,0,13,3,72,5.4,69.0,0.0,100.0,65.0,7.1,297.0,4.5,0.253,0.05,-0.004765532072422474,0.0
2025-03-13 18:00:00+01:00,12.15,4.0,12.136069659197771,4.0,18,0,13,3,72,4.9,73.0,0.0,100.0,21.0,4.9,274.0,4.5,0.252,0.02,0.0719970852330718,0.0
2025-03-13 19:00:00+01:00,12.350000000000001,4.0,12.290595397433634,4.0,19,0,13,3,72,4.4,79.0,0.0,100.0,0.0,2.3,241.0,4.5,0.252,0.0,0.16767945611540025,0.0
2025-03-13 20:00:00+01:00,12.528571428571428,4.0,12.471428571428572,4.0,20,0,13,3,72,3.6,80.0,0.0,100.0,0.0,5.4,214.0,4.5,0.252,0.0,0.24763414122751204,0.0
2025-03-13 21:00:00+01:00,12.983333333333334,4.083333333333333,12.785863679888658,4.016004219498595,21,0,13,3,72,3.2,83.0,0.0,100.0,0.0,8.7,228.0,4.4,0.252,0.0,0.2863211544917972,0.0
2025-03-13 22:00:00+01:00,13.0,4.5,13.044070880412166,4.400662447168071,22,0,13,3,72,3.4,82.0,0.0,100.0,0.0,6.1,236.0,4.4,0.251,0.0,0.15866858200553047,0.0
2025-03-13 23:00:00+01:00,13.166666666666666,4.5,13.10320084389972,4.5,23,0,13,3,72,3.1,84.0,0.0,99.0,0.0,6.7,218.0,4.3,0.251,0.0,0.13090721943736838,0.0
2025-03-14 00:00:00+01:00,13.37142857142857,4.5,13.305885319286903,4.5,0,0,14,3,73,2.7,85.0,0.0,37.0,0.0,5.0,210.0,4.3,0.251,0.0,0.23013248943361475,0.0
2025-03-14 01:00:00+01:00,13.616666666666667,4.5,13.563465822766949,4.5,1,0,14,3,73,1.2,89.0,0.0,97.0,0.0,4.4,210.0,4.2,0.251,0.0,0.19029009908822214,0.0
2025-03-14 02:00:00+01:00,13.733333333333334,4.5,13.686465517463347,4.5,2,0,14,3,73,2.8,83.0,0.0,100.0,0.0,3.8,199.0,4.1,0.25,0.0,0.13986831558401747,0.0
2025-03-14 03:00:00+01:00,13.866666666666667,4.5,13.843202453934984,4.5,3,0,14,3,73,2.6,85.0,0.0,100.0,0.0,1.3,188.0,4.1,0.25,0.0,0.048337420653927765,0.0
2025-03-14 04:00:00+01:00,13.771428571428572,4.5,13.783140358771202,4.5,4,0,14,3,73,1.8,87.0,0.0,100.0,0.0,0.9,191.0,4.0,0.249,0.0,-0.01656770210027325,0.0
2025-03-14 05:00:00+01:00,13.816666666666668,4.033333333333333,13.810067049734437,4.410376370807868,5,0,14,3,73,1.3,87.0,0.0,100.0,0.0,0.5,180.0,3.9,0.249,0.0,-0.15320332118504787,0.0
2025-03-14 06:00:00+01:00,13.299999999999999,1.7,13.476733716401107,2.2562902958587987,6,0,14,3,73,1.2,87.0,0.0,100.0,0.0,0.6,162.0,3.8,0.249,0.0,-0.2246304214429502,0.0
2025-03-14 07:00:00+01:00,13.4,1.7,13.360806206848537,1.7000000000000002,7,0,14,3,73,1.4,88.0,0.0,100.0,6.0,1.7,49.0,3.6,0.249,0.01,-0.19154147269313615,0.0
2025-03-14 08:00:00+01:00,12.942857142857141,1.7,13.093650771014834,1.7000000000000004,8,0,14,3,73,2.5,87.0,0.1,100.0,59.0,3.0,17.0,3.5,0.249,0.02,-0.317036245223715,0.0
2025-03-14 09:00:00+01:00,12.6,1.7,12.726733716401107,1.7000000000000002,9,0,14,3,73,3.6,87.0,0.1,100.0,101.0,5.4,84.0,3.5,0.25,0.04,-0.35699139980825034,10.0
2025-03-14 10:00:00+01:00,12.316666666666668,1.7,12.379667971398334,1.7000000000000002,10,0,14,3,73,4.4,85.0,0.2,100.0,113.0,9.0,110.0,3.5,0.252,0.05,-0.25833333333333375,0.0
2025-03-14 11:00:00+01:00,12.166666666666666,1.7,12.21006704973444,1.7000000000000002,11,0,14,3,73,4.8,85.0,0.5,100.0,154.0,8.5,102.0,3.5,0.257,0.07,0.04039313904417163,0.0
2025-03-14 12:00:00+01:00,12.542857142857143,4.857142857142857,12.460454249486677,3.9310865042833365,12,0,14,3,73,3.9,94.0,1.1,100.0,101.0,6.8,78.0,3.6,0.27,0.05,0.053299808466114484,50.0
2025-03-14 13:00:00+01:00,12.200000000000001,5.0,12.316666666666668,4.980399078336107,13,0,14,3,73,3.4,97.0,1.4,100.0,68.0,7.1,56.0,3.6,0.288,0.03,-0.2254258588937601,20.0
2025-03-14 14:00:00+01:00,11.933333333333332,5.0,12.009602531699157,5.0,14,0,14,3,73,3.9,92.0,0.3,100.0,111.0,5.1,48.0,3.6,0.289,0.05,-0.20663394681707992,40.0
2025-03-14 15:00:00+01:00,11.9,5.0,11.903398773032508,5.0,15,0,14,3,73,4.4,89.0,0.0,100.0,118.0,6.0,37.0,3.6,0.288,0.05,-0.046286618463985185,850.0
2025-03-14 16:00:00+01:00,11.928571428571429,5.0,11.917029294771186,5.0,16,0,14,3,73,4.5,88.0,0.0,100.0,51.0,5.9,27.0,3.7,0.287,0.03,-0.005132489433614218,190.0
2025-03-14 17:00:00+01:00,11.9,5.0,11.89313379416528,5.0,17,0,14,3,73,4.7,87.0,0.0,100.0,34.0,4.4,35.0,3.7,0.287,0.03,0.04491845553176699,40.0
2025-03-14 18:00:00+01:00,12.049999999999999,5.0,12.00686620583472,5.0,18,0,14,3,73,4.3,90.0,0.0,100.0,10.0,1.3,45.0,3.8,0.286,0.02,0.08163394681707903,0.0
2025-03-14 19:00:00+01:00,12.066666666666668,5.0,12.056401687799438,5.0,19,0,14,3,73,3.9,92.0,0.1,100.0,0.0,3.1,332.0,3.8,0.286,0.0,0.06105169052633208,0.0
2025-03-14 20:00:00+01:00,12.12857142857143,5.0,12.128969586887385,5.0,20,0,14,3,73,3.3,95.0,0.1,100.0,0.0,4.9,343.0,3.8,0.287,0.0,0.04830061348374581,0.0
2025-03-14 21:00:00+01:00,12.200000000000001,5.0,12.15300291476693,5.0,21,0,14,3,73,3.3,96.0,0.2,100.0,0.0,3.1,7.0,3.8,0.288,0.0,0.05388125973922886,0.0
2025-03-14 22:00:00+01:00,12.233333333333334,5.0,12.236732106365842,5.0,22,0,14,3,73,3.7,93.0,0.4,100.0,0.0,1.8,37.0,3.8,0.292,0.0,0.04486348547822505,0.0
2025-03-14 23:00:00+01:00,12.299999999999999,5.0,12.24272988572338,5.0,23,0,14,3,73,3.4,94.0,0.2,96.0,0.0,4.9,354.0,3.8,0.294,0.0,0.0375781173351557,0.0
2025-03-15 00:00:00+01:00,12.257142857142856,5.0,12.311888341036154,5.0,0,0,15,3,74,2.8,96.0,0.0,97.0,0.0,4.0,339.0,3.7,0.293,0.0,-0.009731801062242695,0.0
2025-03-15 01:00:00+01:00,12.25,5.0,12.223266283598894,5.0,1,0,15,3,74,3.1,95.0,0.0,100.0,0.0,1.7,32.0,3.7,0.293,0.0,-0.18783174243826473,0.0
2025-03-15 02:00:00+01:00,11.883333333333333,5.0,11.936224856159624,5.0,2,0,15,3,74,3.1,96.0,0.0,100.0,0.0,2.9,11.0,3.9,0.295,0.0,0.07063291052593712,0.0
2025-03-15 03:00:00+01:00,12.540000000000001,5.0,12.364532104650769,5.0,3,0,15,3,74,2.9,97.0,0.0,100.0,0.0,3.8,11.0,3.9,0.295,0.0,0.4132874077482853,0.0
2025-03-15 04:00:00+01:00,12.828571428571427,5.0,12.762799671656195,5.0,4,0,15,3,74,2.7,96.0,0.0,99.0,0.0,4.0,36.0,3.8,0.294,0.0,0.2240366709076591,0.0
2025-03-15 05:00:00+01:00,12.866666666666667,5.0,12.812605446466087,5.0,5,0,15,3,74,1.7,96.0,0.0,91.0,0.0,4.4,60.0,3.8,0.293,0.0,0.13239721052288633,0.0
2025-03-15 06:00:00+01:00,13.083333333333334,5.0,13.027594092701968,5.0,6,0,15,3,74,0.1,96.0,0.0,29.0,0.0,4.0,63.0,3.7,0.293,0.0,0.1354629080000178,0.0
2025-03-15 07:00:00+01:00,13.033333333333333,5.0,13.083531262466122,5.0,7,0,15,3,74,0.6,96.0,0.0,3.0,15.0,2.7,70.0,3.6,0.292,0.0,-0.07102473026503642,0.0
2025-03-15 08:00:00+01:00,12.814285714285715,5.0,12.885544632171895,5.0,8,0,15,3,74,2.2,90.0,0.0,59.0,130.0,5.5,71.0,3.5,0.291,0.03,-0.27829980846611413,0.0
2025-03-15 09:00:00+01:00,12.366666666666667,5.0,12.526931645533894,5.0,9,0,15,3,74,3.4,85.0,0.0,56.0,278.0,10.7,74.0,3.4,0.29,0.08,-0.7888746951333054,0.0
2025-03-15 10:00:00+01:00,10.483333333333333,5.0,11.307795241905284,5.0,10,0,15,3,74,4.7,76.0,0.0,48.0,371.0,14.1,73.0,3.5,0.289,0.12,-1.5480594157548815,0.0
2025-03-15 11:00:00+01:00,9.4,9.233333333333333,9.430812814024131,7.031010743156922,11,0,15,3,74,6.0,65.0,0.0,55.0,488.0,16.9,73.0,3.5,0.287,0.18,-0.7153328336192999,0.0
2025-03-15 12:00:00+01:00,10.083333333333334,13.35,9.877129574666684,12.614859376872793,12,0,15,3,74,7.0,59.0,0.0,43.0,567.0,17.8,74.0,3.7,0.285,0.21,0.523059415754882,0.0
2025-03-15 13:00:00+01:00,10.616666666666667,14.933333333333332,10.476931645533895,14.436534177233051,13,0,15,3,74,7.5,55.0,0.0,32.0,525.0,18.5,69.0,3.9,0.282,0.21,0.6012691983658236,0.0
2025-03-15 14:00:00+01:00,11.383333333333333,15.25,11.079667971398331,15.389321285444746,14,0,15,3,74,8.2,50.0,0.0,81.0,476.0,19.1,74.0,4.1,0.274,0.21,0.7082343687669388,0.0
2025-03-15 15:00:00+01:00,12.116666666666667,13.766666666666666,11.893400383067773,14.161607750625818,15,0,15,3,74,8.4,47.0,0.0,95.0,432.0,18.8,73.0,4.3,0.272,0.2,0.6390213488014371,0.0
2025-03-15 16:00:00+01:00,12.385714285714286,11.785714285714286,12.357710669001206,12.526454511175476,16,0,15,3,74,8.1,48.0,0.0,100.0,331.0,17.0,69.0,4.5,0.27,0.16,0.29303482959888605,0.0
2025-03-15 17:00:00+01:00,12.583333333333334,11.0,12.479470042265545,11.035803070295279,17,0,15,3,74,7.3,52.0,0.0,82.0,194.0,12.5,72.0,4.7,0.268,0.1,0.23817688563495132,0.0
2025-03-15 18:00:00+01:00,12.9,10.15,12.834064440271108,10.662252320371444,18,0,15,3,74,5.7,58.0,0.0,65.0,56.0,10.9,83.0,4.8,0.267,0.05,0.2685983122005604,0.0
2025-03-15 19:00:00+01:00,13.066666666666668,8.8,13.016666666666666,9.155739240631368,19,0,15,3,74,3.9,67.0,0.0,17.0,0.0,7.6,94.0,4.8,0.267,0.01,0.17708246057754273,0.0
2025-03-15 20:00:00+01:00,13.285714285714286,8.3,13.188229361426194,8.327435804854735,20,0,15,3,74,2.3,75.0,0.0,11.0,0.0,5.0,88.0,4.8,0.266,0.0,0.2299991949823692,0.0
2025-03-15 21:00:00+01:00,13.566666666666668,7.916666666666667,13.476665056631404,8.226380590306464,21,0,15,3,74,1.5,78.0,0.0,19.0,0.0,4.6,69.0,4.7,0.266,0.0,0.16081987958772803,0.0
2025-03-15 22:00:00+01:00,13.466666666666667,6.0,13.50986912060165,6.4569527430268705,22,0,15,3,74,1.0,78.0,0.0,14.0,0.0,5.3,72.0,4.6,0.266,0.0,0.035067049734439415,0.0
2025-03-15 23:00:00+01:00,13.583333333333334,6.0,13.546799156100283,6.0,23,0,15,3,74,0.5,78.0,0.0,1.0,0.0,4.3,85.0,4.4,0.265,0.0,0.11503739411381364,0.0
2025-03-16 00:00:00+01:00,13.814285714285715,6.0,13.739943908829277,6.0,0,0,16,3,75,0.1,78.0,0.0,0.0,0.0,3.4,108.0,4.2,0.265,0.0,0.13159961693222577,0.0
2025-03-16 01:00:00+01:00,13.766666666666666,4.1,13.809998389964734,4.733333333333333,1,0,16,3,75,0.0,78.0,0.0,0.0,0.0,1.8,90.0,4.1,0.265,0.0,0.0667944818360553,0.0
2025-03-16 02:00:00+01:00,13.933333333333332,4.1,13.873532872501388,4.1,2,0,16,3,75,-0.4,82.0,0.0,0.0,0.0,2.4,9.0,4.0,0.262,0.0,0.11816812405013177,0.0
2025-03-16 03:00:00+01:00,14.133333333333333,4.1,14.046334638064998,4.1,3,0,16,3,75,-0.7,83.0,0.0,0.0,0.0,1.3,360.0,3.8,0.262,0.0,0.23046193767847178,0.0
2025-03-16 04:00:00+01:00,14.414285714285715,4.1,14.334456747858331,4.1,4,0,16,3,75,-0.9,84.0,0.0,0.0,0.0,0.6,18.0,3.7,0.261,0.0,0.20149743229530426,0.0
2025-03-16 05:00:00+01:00,14.450000000000001,4.1,14.449329502655607,4.1,5,0,16,3,75,-1.2,86.0,0.0,0.0,0.0,0.6,342.0,3.5,0.261,0.0,0.17330641391108337,0.0
2025-03-16 06:00:00+01:00,14.783333333333333,4.1,14.681069575680498,4.1,6,0,16,3,75,-1.6,88.0,0.0,0.0,0.0,0.4,297.0,3.4,0.261,0.0,0.19183429100276506,0.0
2025-03-16 07:00:00+01:00,14.85,4.1,14.832998084661137,4.1,7,0,16,3,75,-1.1,88.0,0.0,0.0,18.0,2.2,318.0,3.2,0.26,0.0,-0.08893449282394617,0.0
2025-03-16 08:00:00+01:00,14.257142857142856,1.2714285714285716,14.503200590032606,2.214285714285714,8,0,16,3,75,0.6,83.0,0.0,0.0,142.0,1.8,294.0,3.1,0.26,0.03,-0.3331657089972362,0.0
2025-03-16 09:00:00+01:00,14.033333333333333,0.8000000000000002,14.166666666666664,0.8000000000000002,9,0,16,3,75,2.4,75.0,0.0,0.0,302.0,1.4,337.0,3.0,0.259,0.1,-1.1421056665947633,0.0
2025-03-16 10:00:00+01:00,10.966666666666667,0.8000000000000002,12.218989256843079,0.8000000000000002,10,0,16,3,75,4.2,68.0,0.0,0.0,446.0,4.0,352.0,2.9,0.258,0.16,-2.364627117855152,0.0
2025-03-16 11:00:00+01:00,9.35,10.033333333333333,9.43741243095636,5.918424951183087,11,0,16,3,75,5.7,63.0,0.0,0.0,556.0,6.7,19.0,2.8,0.257,0.21,-1.1865595684066808,0.0
2025-03-16 12:00:00+01:00,10.083333333333334,18.53333333333333,9.845870120029717,16.192934087962687,12,0,16,3,75,7.0,55.0,0.0,9.0,618.0,8.7,27.0,2.8,0.255,0.25,0.6295943980055663,0.0
2025-03-16 13:00:00+01:00,11.033333333333333,23.5,10.696601226967493,22.150248711480046,13,0,16,3,75,8.1,44.0,0.0,69.0,611.0,9.7,28.0,3.0,0.253,0.26,0.9620976598347291,0.0
2025-03-16 14:00:00+01:00,12.15,23.866666666666664,11.770065439699176,24.167448555951697,14,0,16,3,75,8.0,46.0,0.0,2.0,592.0,7.1,6.0,2.2,0.248,0.25,0.9635647873333415,0.0
2025-03-16 15:00:00+01:00,12.766666666666666,20.599999999999998,12.623730801634176,21.807064134967508,15,0,16,3,75,8.3,43.0,0.0,19.0,502.0,8.4,351.0,2.2,0.247,0.22,0.6132678936341582,0.0
2025-03-16 16:00:00+01:00,13.1,16.96666666666667,12.996601226967492,18.12920345336305,16,0,16,3,75,7.7,47.0,0.0,42.0,367.0,12.5,335.0,2.2,0.245,0.17,0.32156689708263997,0.0
2025-03-16 17:00:00+01:00,13.333333333333334,14.533333333333333,13.266864595799456,15.239270503097488,17,0,16,3,75,6.3,58.0,0.0,42.0,203.0,9.4,315.0,2.2,0.244,0.09,0.2400662447168065,0.0
2025-03-16 18:00:00+01:00,13.549999999999999,12.616666666666667,13.476733716401105,13.260264978867228,18,0,16,3,75,4.0,69.0,0.0,16.0,61.0,8.5,295.0,2.3,0.244,0.03,0.2316682767019307,0.0
2025-03-16 19:00:00+01:00,13.833333333333334,10.75,13.730201149203317,11.315935559728892,19,0,16,3,75,2.8,73.0,0.0,88.0,0.0,8.9,295.0,2.3,0.244,0.03,0.29711892274016716,0.0
2025-03-16 20:00:00+01:00,14.214285714285714,10.4,14.07097156188144,10.41646148291284,20,0,16,3,75,2.0,76.0,0.0,51.0,0.0,8.1,295.0,2.3,0.243,0.01,0.4166323367818139,0.0
2025-03-16 21:00:00+01:00,14.700000000000001,10.4,14.563465822766945,10.4,21,0,16,3,75,1.4,79.0,0.0,1.0,0.0,9.6,275.0,2.3,0.243,0.01,0.43964751351052733,0.0
2025-03-16 22:00:00+01:00,15.049999999999999,10.4,14.950266588902494,10.4,22,0,16,3,75,0.5,79.0,0.0,43.0,0.0,9.5,268.0,2.2,0.243,0.0,0.16163314179944788,0.0
2025-03-16 23:00:00+01:00,14.616666666666667,6.316666666666666,14.88673210636584,7.95,23,0,16,3,75,0.7,74.0,0.0,96.0,0.0,10.7,277.0,2.2,0.243,0.01,-0.3265050846939834,0.0
2025-03-17 00:00:00+01:00,14.314285714285715,5.5,14.297256419514527,5.5,0,0,17,3,76,1.6,71.0,0.0,94.0,0.0,9.7,266.0,2.2,0.242,0.01,-0.29016520928320233,0.0
2025-03-17 01:00:00+01:00,14.283333333333333,5.5,14.306401687799436,5.5,1,0,17,3,76,1.5,76.0,0.0,100.0,0.0,10.7,275.0,2.2,0.242,0.01,-0.00022863170712206227,0.0
2025-03-17 02:00:00+01:00,14.300000000000002,5.5,14.296799156100283,5.5,2,0,17,3,76,3.1,76.0,0.1,99.0,0.0,13.3,297.0,2.5,0.264,0.01,-0.013134599182911266,0.0
2025-03-17 03:00:00+01:00,14.266666666666666,5.5,14.280132489433614,5.5,3,0,17,3,76,2.4,86.0,0.1,97.0,0.0,13.8,298.0,2.6,0.265,0.0,-0.025599216378833667,0.0
2025-03-17 04:00:00+01:00,14.257142857142856,5.5,14.245600723342616,5.5,4,0,17,3,76,2.3,92.0,0.2,100.0,0.0,14.5,322.0,2.6,0.266,0.0,0.091434407649027,0.0
2025-03-17 05:00:00+01:00,14.616666666666667,5.5,14.463001304731668,5.5,5,0,17,3,76,1.5,98.0,0.5,100.0,0.0,19.2,24.0,2.6,0.27,0.0,0.2772986028950877,0.0
2025-03-17 06:00:00+01:00,14.85,5.5,14.800197929132791,5.5,6,0,17,3,76,1.0,93.0,0.0,100.0,0.0,13.9,29.0,2.6,0.271,0.0,0.28346662778457876,0.0
2025-03-17 07:00:00+01:00,15.116666666666667,5.5,15.029934560300825,5.5,7,0,17,3,76,0.6,92.0,0.0,41.0,7.0,12.3,25.0,2.5,0.271,0.01,0.20493456030082413,0.0
2025-03-17 08:00:00+01:00,15.233333333333334,5.5,15.21006704973444,5.5,8,0,17,3,76,0.8,85.0,0.0,59.0,119.0,14.9,30.0,2.5,0.271,0.03,0.023498542616535723,0.0
2025-03-17 09:00:00+01:00,14.966666666666667,5.05,15.076931645533897,5.413577214707587,9,0,17,3,76,1.4,75.0,0.0,50.0,244.0,15.8,37.0,2.5,0.27,0.07,-0.7885737260445662,0.0
2025-03-17 10:00:00+01:00,12.533333333333333,2.7999999999999994,13.632919597645307,3.336422785292413,10,0,17,3,76,2.6,60.0,0.0,36.0,378.0,16.7,40.0,2.5,0.269,0.13,-2.291094245353767,0.0
2025-03-17 11:00:00+01:00,9.716666666666667,4.3999999999999995,10.494743154826363,3.1072810143730236,11,0,17,3,76,3.4,51.0,0.0,71.0,511.0,17.3,36.0,2.6,0.267,0.18,-1.6913140149818275,0.0
2025-03-17 12:00:00+01:00,10.714285714285714,13.942857142857141,10.250291567681652,11.457311591099296,12,0,17,3,76,4.2,44.0,0.0,40.0,555.0,16.6,34.0,2.7,0.266,0.2,0.327396163569178,0.0
2025-03-17 13:00:00+01:00,11.433333333333332,17.683333333333334,11.149535481964719,16.798923817143905,13,0,17,3,76,4.9,36.0,0.0,27.0,584.0,15.3,34.0,2.9,0.264,0.23,0.98465467699112,0.0
2025-03-17 14:00:00+01:00,12.616666666666667,17.333333333333332,12.219600921663892,17.755987952111415,14,0,17,3,76,5.0,36.0,0.0,79.0,554.0,15.5,33.0,3.0,0.268,0.22,1.0354972378848695,10.0
2025-03-17 15:00:00+01:00,13.450000000000001,14.6,13.220529957734458,15.58046773810581,15,0,17,3,76,5.0,36.0,0.0,63.0,457.0,14.8,32.0,3.2,0.266,0.19,0.8531134632110318,0.0
2025-03-17 16:00:00+01:00,14.114285714285714,13.2,13.925827848085955,13.377550818842861,16,0,17,3,76,4.5,38.0,0.0,95.0,296.0,13.9,27.0,3.3,0.264,0.14,0.5846025316991561,10.0
2025-03-17 17:00:00+01:00,14.533333333333333,13.199999999999998,14.38973502113277,13.199999999999998,17,0,17,3,76,3.9,39.0,0.0,72.0,150.0,12.8,22.0,3.5,0.263,0.1,0.5266886076561796,10.0
2025-03-17 18:00:00+01:00,15.3,13.2,14.979205063398314,13.199999999999998,18,0,17,3,76,2.8,48.0,0.0,29.0,51.0,8.2,10.0,3.6,0.262,0.04,0.7055970074688975,0.0
2025-03-17 19:00:00+01:00,16.01666666666667,13.199999999999998,15.800929036070565,13.199999999999998,19,0,17,3,76,1.1,57.0,0.0,9.0,1.0,6.8,357.0,3.6,0.262,0.03,0.7632258755575112,0.0
2025-03-17 20:00:00+01:00,16.714285714285715,13.2,16.505656814513337,13.199999999999998,20,0,17,3,76,-0.2,64.0,0.0,4.0,0.0,5.4,358.0,3.5,0.261,0.01,0.6122398929971977,0.0
2025-03-17 21:00:00+01:00,17.2,13.199999999999998,17.02540882206496,13.199999999999998,21,0,17,3,76,-0.8,64.0,0.0,0.0,0.0,4.2,5.0,3.4,0.261,0.0,0.5959670290590502,0.0
2025-03-17 22:00:00+01:00,17.916666666666668,13.199999999999998,17.697590872631437,13.199999999999998,22,0,17,3,76,-1.1,64.0,0.0,0.0,0.0,4.2,12.0,3.3,0.261,0.0,0.6476292276044511,0.0
2025-03-17 23:00:00+01:00,18.483333333333334,13.199999999999998,18.320667277273863,13.199999999999998,23,0,17,3,76,-1.2,64.0,0.0,0.0,0.0,1.8,360.0,3.2,0.26,0.0,0.5226037094972664,0.0
2025-03-18 00:00:00+01:00,18.857142857142858,11.557142857142855,18.74279829162597,12.884488244170553,0,0,18,3,77,-1.4,64.0,0.0,0.0,0.0,0.3,225.0,3.0,0.26,0.0,-0.5352993087520801,0.0
2025-03-18 01:00:00+01:00,16.416666666666668,1.7,17.250068659769703,3.9847637151343513,1,0,18,3,77,-1.7,66.0,0.0,0.0,0.0,1.3,236.0,2.9,0.26,0.0,-1.061440341674805,0.0
2025-03-18 02:00:00+01:00,16.759999999999998,1.7,16.61991760827636,1.7,2,0,18,3,77,-2.3,56.0,0.0,0.0,0.0,1.5,234.0,2.7,0.261,0.0,-0.1499010354336061,0.0
2025-03-18 03:00:00+01:00,17.05,1.7,16.95026658890249,1.7000000000000002,3,0,18,3,77,-2.9,57.0,0.0,0.0,0.0,0.2,270.0,2.5,0.261,0.0,0.2417263176493183,0.0
2025-03-18 04:00:00+01:00,17.1,0.7571428571428571,17.103370243574997,1.3253555150338703,4,0,18,3,77,-3.8,60.0,0.0,0.0,0.0,0.2,270.0,2.2,0.261,0.0,0.13363916574374102,0.0
2025-03-18 05:00:00+01:00,17.45,-0.5,17.217544920389972,-0.42958143420618206,5,0,18,3,77,-4.1,60.0,0.0,0.0,0.0,0.9,217.0,1.9,0.26,0.0,0.9326418822979434,0.0
2025-03-18 06:00:00+01:00,19.5,-0.4666666666666666,18.968654008170883,-0.4901995391680536,6,0,18,3,77,-4.1,58.0,0.0,0.0,0.0,1.8,217.0,1.6,0.26,0.0,1.0081264654893225,0.0
2025-03-18 07:00:00+01:00,19.066666666666666,-0.4000000000000001,19.233797851368617,-0.4098004608319464,7,0,18,3,77,-3.4,54.0,0.0,0.0,24.0,2.2,215.0,1.4,0.26,0.01,-0.24429826848496816,0.0
2025-03-18 08:00:00+01:00,18.17142857142857,-0.4,18.480057471200947,-0.4,8,0,18,3,77,0.0,41.0,0.0,0.0,155.0,0.8,135.0,1.2,0.26,0.04,-0.9718334859851332,0.0
2025-03-18 09:00:00+01:00,16.883333333333333,-0.4000000000000001,17.29013087939835,-0.4000000000000001,9,0,18,3,77,2.8,32.0,0.0,0.0,316.0,1.2,39.0,1.2,0.259,0.1,-1.9433677875745028,0.0
2025-03-18 10:00:00+01:00,12.916666666666666,-0.4000000000000001,14.593321896051942,-0.4000000000000001,10,0,18,3,77,4.5,26.0,0.0,0.0,461.0,1.8,24.0,1.2,0.259,0.17,-3.3792199058254555,0.0
2025-03-18 11:00:00+01:00,10.083333333333334,7.6499999999999995,10.53169106774744,3.4248329120890406,11,0,18,3,77,5.6,21.0,0.0,0.0,571.0,2.4,36.0,1.2,0.259,0.23,-2.0079486015126253,0.0
2025-03-18 12:00:00+01:00,10.799999999999999,19.071428571428573,10.57742469302669,16.53776124005102,12,0,18,3,77,6.2,24.0,0.0,0.0,635.0,3.4,43.0,1.2,0.258,0.26,0.43882243752461214,0.0
2025-03-18 13:00:00+01:00,11.766666666666666,24.066666666666666,11.409335942796664,22.88291959764531,13,0,18,3,77,6.6,27.0,0.0,0.0,648.0,4.5,43.0,1.2,0.257,0.27,1.0164201429202695,0.0
2025-03-18 14:00:00+01:00,13.049999999999999,24.416666666666668,12.61026497886723,24.72451269091921,14,0,18,3,77,6.8,32.0,0.0,0.0,607.0,6.8,32.0,1.6,0.255,0.25,1.1559322561410923,0.0
2025-03-18 15:00:00+01:00,13.916666666666666,20.583333333333332,13.721200455078849,21.993133794165278,15,0,18,3,77,6.7,33.0,0.0,0.0,517.0,8.0,34.0,1.6,0.254,0.22,0.6861797595628341,0.0
2025-03-18 16:00:00+01:00,14.0,17.157142857142855,13.982624497992898,18.04714982888022,16,0,18,3,77,6.1,34.0,0.0,0.0,387.0,8.2,40.0,1.6,0.252,0.17,0.21003763347265014,0.0
2025-03-18 17:00:00+01:00,14.366666666666667,16.849999999999998,14.14127572202415,16.692669276129998,17,0,18,3,77,4.6,54.0,0.0,0.0,230.0,3.9,34.0,1.6,0.252,0.08,0.38795092542508147,0.0
2025-03-18 18:00:00+01:00,14.816666666666668,15.216666666666667,14.758526348843061,16.00505891604085,18,0,18,3,77,3.1,44.0,0.0,0.0,75.0,1.8,53.0,1.6,0.251,0.02,0.436262674707498,0.0
2025-03-18 19:00:00+01:00,15.049999999999999,12.683333333333332,15.013801071439145,13.478472346425276,19,0,18,3,77,1.2,51.0,0.0,0.0,1.0,3.5,171.0,1.6,0.251,0.02,0.31216332696170124,0.0
2025-03-18 20:00:00+01:00,15.514285714285714,10.785714285714286,15.382853002766463,11.45657504528451,20,0,18,3,77,-0.1,53.0,0.0,0.0,0.0,6.6,202.0,1.6,0.251,0.02,0.344368662646251,0.0
2025-03-18 21:00:00+01:00,15.9,9.8,15.702538396731647,9.799999999999999,21,0,18,3,77,-1.0,55.0,0.0,0.0,0.0,6.2,202.0,1.6,0.251,0.01,0.4134393991478902,0.0
2025-03-18 22:00:00+01:00,16.366666666666667,9.8,16.209731801062244,9.799999999999999,22,0,18,3,77,-1.4,57.0,0.0,0.0,0.0,5.1,197.0,1.6,0.25,0.01,0.4715628719944789,0.0
2025-03-18 23:00:00+01:00,16.766666666666666,9.8,16.645664140720605,9.799999999999999,23,0,18,3,77,-1.4,56.0,0.0,0.0,0.0,5.2,192.0,1.6,0.25,0.01,0.5457642126339657,0.0
2025-03-19 00:00:00+01:00,17.514285714285712,9.8,17.301260226330175,9.799999999999999,0,0,19,3,78,-1.6,57.0,0.0,0.0,0.0,5.4,194.0,1.5,0.25,0.01,0.6105012629730329,0.0
2025-03-19 01:00:00+01:00,18.033333333333335,9.8,17.86666666666667,9.799999999999999,1,0,19,3,78,-1.5,56.0,0.0,0.0,0.0,5.8,194.0,1.5,0.25,0.01,0.4593036421181047,0.0
2025-03-19 02:00:00+01:00,18.3,9.8,18.219867510566385,9.799999999999999,2,0,19,3,78,-1.0,49.0,0.0,0.0,0.0,6.1,183.0,1.6,0.249,0.02,0.27642385890253607,0.0
2025-03-19 03:00:00+01:00,18.25,6.833333333333333,18.419514384471743,8.92775898595677,3,0,19,3,78,-1.0,49.0,0.0,0.0,0.0,5.2,176.0,1.5,0.249,0.01,-0.6265278043703599,0.0
2025-03-19 04:00:00+01:00,16.585714285714285,0.9,16.966811901825665,1.6476351548941963,4,0,19,3,78,-1.1,49.0,0.0,0.0,0.0,5.4,166.0,1.4,0.249,0.01,-0.8583890293036536,0.0
2025-03-19 05:00:00+01:00,16.816666666666666,0.9,16.702736325864436,0.8999999999999999,5,0,19,3,78,-1.2,50.0,0.0,0.0,0.0,4.7,162.0,1.3,0.249,0.01,-0.029873883429077708,0.0
2025-03-19 06:00:00+01:00,16.916666666666668,0.6,16.90706413496751,0.8117958525124824,6,0,19,3,78,-1.2,51.0,0.0,0.0,0.0,4.2,162.0,1.3,0.249,0.01,0.015298503734449298,0.0
2025-03-19 07:00:00+01:00,16.650000000000002,0.0,16.733333333333334,0.08820414748751755,7,0,19,3,78,-0.2,48.0,0.0,0.0,28.0,3.5,159.0,1.2,0.248,0.01,-0.21193246248256514,0.0
2025-03-19 08:00:00+01:00,16.32857142857143,0.0,16.48319921000238,0.0,8,0,19,3,78,3.4,37.0,0.0,0.0,164.0,4.3,105.0,1.2,0.248,0.06,-0.4266993865162547,0.0
2025-03-19 09:00:00+01:00,15.666666666666666,0.0,15.879934560300825,0.0,9,0,19,3,78,6.5,30.0,0.0,0.0,327.0,4.5,61.0,1.2,0.248,0.14,-1.423440419662282,0.0
2025-03-19 10:00:00+01:00,11.983333333333334,0.0,13.636318370677815,0.0,10,0,19,3,78,9.0,26.0,0.0,0.0,472.0,5.2,74.0,1.2,0.248,0.21,-2.9713510905274045,0.0
2025-03-19 11:00:00+01:00,9.950000000000001,11.550000000000002,9.937232379246016,5.52316471890438,11,0,19,3,78,10.7,27.0,0.0,0.0,581.0,4.9,84.0,1.2,0.248,0.28,-1.3174511455537559,0.0
2025-03-19 12:00:00+01:00,11.328571428571427,23.857142857142858,11.001416079570303,21.636447539438112,12,0,19,3,78,11.5,31.0,0.0,0.0,644.0,4.9,86.0,1.2,0.247,0.31,1.0862194061114225,0.0
2025-03-19 13:00:00+01:00,12.5,29.2,12.10967119146886,27.845920902376974,13,0,19,3,78,12.0,33.0,0.0,0.0,656.0,5.2,76.0,1.2,0.245,0.32,1.207857552565823,0.0
2025-03-19 14:00:00+01:00,13.866666666666667,28.983333333333334,13.41713118470195,29.622240883090054,14,0,19,3,78,12.5,35.0,0.0,0.0,613.0,6.9,84.0,1.3,0.241,0.31,1.1038632910677908,0.0
2025-03-19 15:00:00+01:00,14.4,24.3,14.317397773604442,25.88927050309749,15,0,19,3,78,12.3,36.0,0.0,0.0,522.0,8.8,89.0,1.4,0.239,0.27,0.524866705548753,0.0
2025-03-19 16:00:00+01:00,14.466666666666667,20.650000000000002,14.466864595799455,21.752073878696365,16,0,19,3,78,11.7,38.0,0.0,0.0,391.0,8.3,95.0,1.6,0.237,0.2,0.1942696980798564,0.0
2025-03-19 17:00:00+01:00,14.9,19.616666666666667,14.705937169764155,19.806135098896945,17,0,19,3,78,9.9,51.0,0.0,0.0,235.0,7.1,111.0,1.9,0.236,0.11,0.3584666277845798,0.0
2025-03-19 18:00:00+01:00,15.266666666666666,17.099999999999998,15.183797851368615,18.100929036070564,18,0,19,3,78,6.5,59.0,0.0,0.0,79.0,8.0,160.0,2.1,0.236,0.04,0.3536653619350014,0.0
2025-03-19 19:00:00+01:00,15.516666666666666,14.316666666666668,15.413267893634158,15.20626436826003,19,0,19,3,78,4.5,57.0,0.0,0.0,1.0,9.4,183.0,2.3,0.236,0.04,0.29515772465712775,0.0
2025-03-19 20:00:00+01:00,15.900000000000002,12.314285714285715,15.77411330068287,12.795552983939485,20,0,19,3,78,3.4,59.0,0.0,0.0,0.0,7.6,184.0,2.3,0.236,0.02,0.12291369392939089,0.0
2025-03-19 21:00:00+01:00,15.633333333333333,10.3,15.65909528149294,10.866666666666667,21,0,19,3,78,2.5,62.0,0.0,0.0,0.0,7.4,179.0,2.4,0.235,0.01,0.3184627586465343,0.0
2025-03-19 22:00:00+01:00,16.683333333333334,10.3,16.41103881797594,10.3,22,0,19,3,78,2.3,62.0,0.0,0.0,0.0,7.4,176.0,2.3,0.235,0.01,0.6371190259201969,0.0
2025-03-19 23:00:00+01:00,17.05,9.65,16.933333333333334,10.175167087910959,23,0,19,3,78,2.3,62.0,0.0,0.0,0.0,7.4,180.0,2.3,0.235,0.01,0.1245086365973922,0.0
2025-03-20 00:00:00+01:00,16.52857142857143,6.4,16.660056091170723,7.064142496076321,0,0,20,3,79,2.4,62.0,0.0,0.0,0.0,7.6,180.0,2.2,0.235,0.01,-0.07009976958402575,0.0
2025-03-20 01:00:00+01:00,16.916666666666668,6.400000000000001,16.793133794165282,6.400000000000001,1,0,20,3,79,2.3,62.0,0.0,0.0,0.0,7.4,180.0,2.2,0.235,0.01,0.1951052488658842,0.0
2025-03-20 02:00:00+01:00,17.083333333333332,6.400000000000001,17.050266588902492,6.400000000000001,2,0,20,3,79,3.0,62.0,0.0,0.0,0.0,7.6,180.0,2.4,0.237,0.02,0.15846662778457876,0.0
2025-03-20 03:00:00+01:00,17.033333333333335,4.483333333333333,17.11006704973444,5.25,3,0,20,3,79,2.3,64.0,0.0,0.0,0.0,7.2,177.0,2.3,0.236,0.01,-0.02230488719457746,0.0
2025-03-20 04:00:00+01:00,17.071428571428573,4.1,17.005656814513337,4.1,4,0,20,3,79,1.8,65.0,0.0,0.0,0.0,6.3,175.0,2.3,0.236,0.01,0.061534177233051324,0.0
2025-03-20 05:00:00+01:00,17.333333333333332,4.1,17.233135404200542,4.1,5,0,20,3,79,1.5,66.0,0.0,0.0,0.0,5.4,172.0,2.2,0.236,0.01,0.2440050787284651,0.0
2025-03-20 06:00:00+01:00,17.55,4.1,17.493666971970267,4.1,6,0,20,3,79,1.3,67.0,0.0,0.0,0.0,4.2,170.0,2.2,0.236,0.0,0.18006382966391143,0.0
2025-03-20 07:00:00+01:00,17.566666666666666,4.1,17.593263063528365,4.1,7,0,20,3,79,2.2,69.0,0.0,0.0,30.0,3.5,168.0,2.1,0.236,0.01,-0.13517709979810988,0.0
2025-03-20 08:00:00+01:00,17.02857142857143,4.1,17.223312772374047,4.1,8,0,20,3,79,5.2,62.0,0.0,0.0,168.0,3.3,131.0,2.1,0.236,0.06,-0.5732319537140427,0.0
2025-03-20 09:00:00+01:00,16.133333333333333,4.1,16.44679915610028,4.1,9,0,20,3,79,8.5,60.0,0.0,0.0,330.0,2.4,54.0,2.0,0.235,0.13,-1.522790680066337,0.0
2025-03-20 10:00:00+01:00,12.783333333333333,6.45,14.177731412241373,4.768840463940916,10,0,20,3,79,11.2,57.0,0.0,0.0,474.0,2.7,82.0,2.1,0.234,0.22,-2.4826962773388894,0.0
2025-03-20 11:00:00+01:00,11.333333333333334,16.5,11.481406601422501,13.354788772998745,11,0,20,3,79,13.0,52.0,0.0,0.0,581.0,1.4,67.0,2.2,0.233,0.29,-1.2818371013646113,0.0
2025-03-20 12:00:00+01:00,11.842857142857143,24.042857142857144,11.61405720951215,21.912965113521675,12,0,20,3,79,14.3,44.0,0.0,0.0,643.0,1.3,45.0,2.5,0.231,0.33,0.5621319897195809,0.0
2025-03-20 13:00:00+01:00,13.066666666666668,29.78333333333333,12.605670580861663,28.215788412943358,13,0,20,3,79,15.2,40.0,0.0,0.0,652.0,2.2,14.0,2.9,0.228,0.35,1.2667365267629531,0.0
2025-03-20 14:00:00+01:00,14.65,30.599999999999998,14.147530263038057,30.898708010588667,14,0,20,3,79,16.3,36.0,0.0,0.0,609.0,3.2,52.0,3.9,0.219,0.33,1.25746401832125,0.0
2025-03-20 15:00:00+01:00,15.216666666666667,26.883333333333336,15.120598617504163,28.20320084389972,15,0,20,3,79,16.5,35.0,0.0,0.0,517.0,2.8,45.0,4.4,0.216,0.28,0.5612675883305593,0.0
2025-03-20 16:00:00+01:00,15.283333333333333,23.46666666666667,15.270065439699176,24.475073573392766,16,0,20,3,79,16.3,37.0,0.0,0.0,386.0,2.2,55.0,4.9,0.215,0.2,0.16670125041863226,0.0
2025-03-20 17:00:00+01:00,15.6,22.214285714285715,15.454001118341427,22.54891211568644,17,0,20,3,79,14.8,56.0,0.0,0.0,231.0,2.6,106.0,5.3,0.214,0.11,0.3184003830677735,0.0
2025-03-20 18:00:00+01:00,15.966666666666669,19.5,15.906866205834723,20.46693325556916,18,0,20,3,79,11.4,62.0,0.0,2.0,78.0,6.0,175.0,5.6,0.214,0.04,0.31636549401220826,0.0
2025-03-20 19:00:00+01:00,16.150000000000002,16.7,16.086732106365844,17.609800460831945,19,0,20,3,79,10.0,62.0,0.0,24.0,2.0,10.8,195.0,5.8,0.214,0.05,0.17980126584957734,0.0
2025-03-20 20:00:00+01:00,16.349999999999998,14.4,16.266468737533877,15.119334332761403,20,0,20,3,79,9.1,63.0,0.0,95.0,0.0,10.0,197.0,6.0,0.213,0.03,0.18226271574505581,0.0
2025-03-20 21:00:00+01:00,16.5,12.428571428571429,16.451257537855955,12.968633039863056,21,0,20,3,79,8.7,64.0,0.0,66.0,0.0,8.6,196.0,6.0,0.213,0.02,0.23673210636584052,0.0
2025-03-20 22:00:00+01:00,16.883333333333333,11.800000000000002,16.73993295026556,11.868603225823625,22,0,20,3,79,8.1,65.0,0.0,16.0,0.0,7.6,207.0,6.0,0.213,0.02,0.3861376673227159,0.0
2025-03-20 23:00:00+01:00,17.383333333333333,11.800000000000002,17.223532872501387,11.799999999999999,23,0,20,3,79,7.2,68.0,0.0,10.0,0.0,6.9,205.0,6.0,0.213,0.01,0.3710377443658164,0.0
2025-03-21 00:00:00+01:00,17.533333333333335,11.800000000000002,17.48200843899719,11.799999999999999,0,0,21,3,80,6.4,70.0,0.0,3.0,0.0,6.7,200.0,5.9,0.213,0.01,0.32317329669478845,0.0
2025-03-21 01:00:00+01:00,17.985714285714284,11.8,17.869879465890964,11.799999999999999,1,0,21,3,80,5.6,72.0,0.0,0.0,0.0,5.9,198.0,5.8,0.213,0.0,0.3589614506165528,0.0
2025-03-21 02:00:00+01:00,18.283333333333335,11.800000000000002,18.199931340230297,11.799999999999999,2,0,21,3,80,5.5,70.0,0.0,0.0,0.0,2.9,180.0,5.8,0.252,0.0,-0.0115058250104898,0.0
2025-03-21 03:00:00+01:00,17.533333333333335,7.3,17.846867815869984,8.799999999999999,3,0,21,3,80,3.9,78.0,0.0,15.0,0.0,3.2,177.0,5.6,0.252,0.0,-0.34826628359889256,0.0
2025-03-21 04:00:00+01:00,17.583333333333332,7.3,17.50339877303251,7.3,4,0,21,3,80,2.8,86.0,0.0,28.0,0.0,2.0,190.0,5.5,0.252,0.0,-0.016206224020939075,0.0
2025-03-21 05:00:00+01:00,17.942857142857143,7.3,17.814455367828106,7.3,5,0,21,3,80,1.9,90.0,0.0,17.0,0.0,2.5,180.0,5.3,0.252,0.0,0.2897350211327705,0.0
2025-03-21 06:00:00+01:00,18.133333333333333,7.3,18.082868815298053,7.3,6,0,21,3,80,1.2,93.0,0.0,19.0,0.0,3.1,177.0,5.1,0.252,0.0,0.23104020972010453,0.0
2025-03-21 07:00:00+01:00,18.3,7.3,18.276535787268315,7.3,7,0,21,3,80,2.5,89.0,0.0,15.0,31.0,3.3,167.0,4.9,0.251,0.0,-0.044402992531104246,0.0
2025-03-21 08:00:00+01:00,17.783333333333335,7.3,17.994062830235844,7.3,8,0,21,3,80,6.4,78.0,0.0,21.0,157.0,4.2,97.0,4.8,0.251,0.05,-0.5566984042636687,0.0
2025-03-21 09:00:00+01:00,16.8,6.357142857142857,17.163138978740978,6.671428571428571,9,0,21,3,80,9.8,67.0,0.0,7.0,304.0,3.5,55.0,4.7,0.251,0.13,-1.6083333333333334,0.0
2025-03-21 10:00:00+01:00,13.533333333333333,10.433333333333334,14.777396163569177,8.270781519134585,10,0,21,3,80,12.6,64.0,0.0,0.0,455.0,5.6,65.0,4.8,0.249,0.22,-2.454031092638842,0.0
2025-03-21 11:00:00+01:00,12.049999999999999,19.083333333333332,12.255076793463294,16.276380590306463,11,0,21,3,80,14.8,59.0,0.0,0.0,561.0,7.8,64.0,5.0,0.247,0.29,-1.2173634437195897,0.0
2025-03-21 12:00:00+01:00,12.633333333333333,26.05,12.342669276129998,23.91879132771029,12,0,21,3,80,16.2,54.0,0.0,0.0,621.0,9.4,64.0,5.3,0.245,0.34,0.5838624860501591,0.0
2025-03-21 13:00:00+01:00,13.85,30.116666666666664,13.422801765563612,29.02891898703811,13,0,21,3,80,17.1,48.0,0.0,0.0,631.0,9.7,68.0,5.7,0.242,0.36,1.2323307238700023,0.0
2025-03-21 14:00:00+01:00,15.25,29.8,14.807330723870002,30.414978818989756,14,0,21,3,80,18.1,40.0,0.0,0.0,593.0,11.1,78.0,6.0,0.225,0.36,1.1238640960854234,0.0
2025-03-21 15:00:00+01:00,15.766666666666666,26.099999999999998,15.670529957734459,27.32580468033054,15,0,21,3,80,18.0,39.0,0.0,0.0,507.0,11.1,83.0,6.4,0.223,0.31,0.5247677409823588,0.0
2025-03-21 16:00:00+01:00,15.883333333333333,23.583333333333332,15.85686620583472,24.26847395646054,16,0,21,3,80,17.3,41.0,0.0,0.0,382.0,11.2,95.0,6.8,0.221,0.24,0.19447916078895666,0.0
2025-03-21 17:00:00+01:00,16.22857142857143,23.24285714285714,16.059488279312372,23.30314173880143,17,0,21,3,80,15.9,50.0,0.0,0.0,231.0,10.2,100.0,7.1,0.219,0.15,0.3617664362506936,0.0
2025-03-21 18:00:00+01:00,16.650000000000002,21.183333333333334,16.580399078336107,22.000929036070563,18,0,21,3,80,13.5,58.0,0.0,0.0,80.0,9.6,123.0,7.4,0.218,0.07,0.3552885801934025,0.0
2025-03-21 19:00:00+01:00,16.816666666666666,18.716666666666665,16.770065439699177,19.513001304731663,19,0,21,3,80,11.3,64.0,0.0,0.0,2.0,9.0,142.0,7.5,0.218,0.05,0.1617209671717763,0.0
2025-03-21 20:00:00+01:00,16.98,16.759999999999998,16.90384101267966,17.476396502279687,20,0,21,3,80,9.8,69.0,0.0,0.0,0.0,7.3,128.0,7.6,0.218,0.01,0.07628090917708619,0.0
2025-03-21 21:00:00+01:00,16.97142857142857,14.700000000000001,16.92262725805335,15.31331974411141,21,0,21,3,80,8.8,71.0,0.0,0.0,0.0,7.3,118.0,7.6,0.218,0.01,0.16148068174557473,0.0
2025-03-21 22:00:00+01:00,17.28333333333333,13.299999999999999,17.22680237617081,13.659335942796664,22,0,21,3,80,8.0,73.0,0.0,0.0,0.0,7.1,114.0,7.6,0.218,0.01,0.304019204592624,0.0
2025-03-21 23:00:00+01:00,17.616666666666667,12.433333333333332,17.530665667238598,12.858655618206148,23,0,21,3,80,7.8,72.0,0.0,0.0,0.0,8.7,103.0,7.5,0.218,0.01,0.16966555634543568,0.0
2025-03-22 00:00:00+01:00,17.650000000000002,11.166666666666666,17.56613348886168,11.414412736259957,0,0,22,3,81,7.5,71.0,0.0,0.0,0.0,10.8,108.0,7.4,0.218,0.02,0.26461038519486557,0.0
2025-03-22 01:00:00+01:00,18.2,11.1,18.05988643762833,11.1,1,0,22,3,81,7.3,67.0,0.0,0.0,0.0,11.4,109.0,7.2,0.217,0.02,0.4486661669526324,0.0
2025-03-22 02:00:00+01:00,18.566666666666666,11.1,18.463465822766945,11.1,2,0,22,3,81,7.5,63.0,0.0,0.0,0.0,11.7,108.0,7.4,0.251,0.03,0.3500903060530547,0.0
2025-03-22 03:00:00+01:00,18.816666666666666,11.1,18.760067049734438,11.1,3,0,22,3,81,7.0,63.0,0.0,0.0,0.0,12.1,108.0,7.2,0.251,0.03,0.2415333722154216,0.0
2025-03-22 04:00:00+01:00,19.033333333333335,11.1,18.94653256719779,11.1,4,0,22,3,81,6.5,64.0,0.0,0.0,0.0,12.4,103.0,7.1,0.251,0.03,0.20725163024778048,0.0
2025-03-22 05:00:00+01:00,19.2,11.1,19.17457031023,11.1,5,0,22,3,81,6.1,64.0,0.0,0.0,0.0,12.8,107.0,6.9,0.25,0.03,-0.0011390404678373045,0.0
2025-03-22 06:00:00+01:00,18.8,11.1,18.944254486262114,11.1,6,0,22,3,81,6.1,62.0,0.0,0.0,0.0,12.7,111.0,6.8,0.25,0.03,0.04072089620518682,0.0
2025-03-22 07:00:00+01:00,19.466666666666665,11.1,19.256012102640373,11.1,7,0,22,3,81,6.8,59.0,0.0,0.0,36.0,12.4,104.0,6.6,0.25,0.05,0.09563608394227252,0.0
2025-03-22 08:00:00+01:00,18.75,9.299999999999999,19.13552665414666,10.384769619610116,8,0,22,3,81,8.7,60.0,0.0,0.0,174.0,13.4,94.0,6.5,0.249,0.09,-0.8201474926397019,0.0
2025-03-22 09:00:00+01:00,17.214285714285715,7.5,17.61571711736097,7.598768897477043,9,0,22,3,81,10.8,56.0,0.0,0.0,334.0,12.8,87.0,6.5,0.248,0.16,-1.996394359123479,0.0
2025-03-22 10:00:00+01:00,14.066666666666668,12.083333333333334,15.142737935899701,9.61862110324607,10,0,22,3,81,13.0,50.0,0.0,0.0,477.0,14.5,95.0,6.5,0.246,0.25,-2.127958328264511,0.0
2025-03-22 11:00:00+01:00,13.183333333333332,18.766666666666666,13.359800460831947,17.057330723870006,11,0,22,3,81,14.6,41.0,0.0,0.0,583.0,16.6,103.0,6.7,0.243,0.32,-0.9634011880854043,0.0
2025-03-22 12:00:00+01:00,13.4,23.333333333333332,13.215935559728893,21.924926426607232,12,0,22,3,81,15.5,39.0,0.0,0.0,643.0,16.3,107.0,6.9,0.24,0.36,0.34710032875474095,0.0
2025-03-22 13:00:00+01:00,14.37142857142857,25.62857142857143,14.054001118341429,25.17067578252288,13,0,22,3,81,16.0,38.0,0.0,0.0,652.0,15.9,102.0,7.2,0.237,0.37,1.0338321812534677,0.0
2025-03-22 14:00:00+01:00,15.716666666666667,24.633333333333336,15.283599922235828,25.309653314046415,14,0,22,3,81,15.9,41.0,0.0,0.0,611.0,18.9,75.0,7.5,0.229,0.35,1.109864841646374,0.0
2025-03-22 15:00:00+01:00,16.433333333333334,21.45,16.273730801634176,22.458871424761384,15,0,22,3,81,15.4,42.0,0.0,0.0,521.0,20.5,73.0,7.8,0.226,0.31,0.6749999999999998,0.0
2025-03-22 16:00:00+01:00,16.733333333333334,19.383333333333336,16.633599922235828,19.985803070295276,16,0,22,3,81,14.4,45.0,0.0,1.0,393.0,21.7,71.0,8.0,0.224,0.24,0.3546679713983316,0.0
2025-03-22 17:00:00+01:00,17.133333333333333,17.8,16.98306674443084,18.37399739053667,17,0,22,3,81,13.0,49.0,0.0,100.0,237.0,20.4,69.0,8.3,0.222,0.17,0.3864998473481993,0.0
2025-03-22 18:00:00+01:00,17.516666666666666,16.016666666666666,17.406599616932226,16.54933755283193,18,0,22,3,81,11.4,52.0,0.0,100.0,72.0,18.7,74.0,8.4,0.221,0.1,0.3285663973686077,0.0
2025-03-22 19:00:00+01:00,17.7,14.683333333333332,17.640199539168055,15.106599616932229,19,0,22,3,81,10.2,56.0,0.0,98.0,2.0,15.2,86.0,8.5,0.221,0.08,0.225232259017643,0.0
2025-03-22 20:00:00+01:00,17.916666666666668,13.616666666666667,17.857064134967512,13.959800460831948,20,0,22,3,81,9.6,59.0,0.0,100.0,0.0,12.0,97.0,8.5,0.22,0.04,0.16273070771798004,0.0
2025-03-22 21:00:00+01:00,17.97142857142857,12.828571428571427,17.965660954604015,13.03697182357024,21,0,22,3,81,8.9,61.0,0.0,99.0,0.0,12.3,95.0,8.5,0.22,0.04,0.07273310579390824,0.0
2025-03-22 22:00:00+01:00,18.05,12.133333333333333,18.00253034655533,12.336336248100261,22,0,22,3,81,8.9,59.0,0.0,75.0,0.0,12.4,93.0,8.4,0.219,0.04,0.05410358328478537,0.0
2025-03-22 23:00:00+01:00,18.066666666666666,11.783333333333333,18.073868121173586,11.883333333333333,23,0,22,3,81,8.2,61.0,0.0,72.0,0.0,12.6,99.0,8.3,0.219,0.04,0.056934865604423734,0.0
2025-03-23 00:00:00+01:00,18.166666666666668,11.549999999999999,18.116400077764176,11.633531262466121,0,0,23,3,82,7.9,63.0,0.0,96.0,0.0,12.9,103.0,8.2,0.219,0.03,0.11480991243187866,0.0
2025-03-23 01:00:00+01:00,18.37142857142857,11.228571428571428,18.303487946037343,11.308230741456422,1,0,23,3,82,7.9,66.0,0.0,55.0,0.0,12.7,102.0,8.1,0.218,0.03,0.10686620583471829,0.0
2025-03-23 02:00:00+01:00,18.2,11.199999999999998,18.330132489433613,11.199999999999998,2,0,23,3,82,8.2,73.0,0.0,29.0,0.0,11.7,95.0,8.3,0.251,0.02,-0.015278455555323589,0.0
2025-03-23 03:00:00+01:00,18.349999999999998,10.75,18.272931034926696,10.920332028601669,3,0,23,3,82,7.8,73.0,0.0,26.0,0.0,12.4,91.0,8.2,0.251,0.02,0.03285329560186767,0.0
2025-03-23 04:00:00+01:00,18.439999999999998,10.559999999999999,18.395839080637348,10.623841012679662,4,0,23,3,82,7.8,72.0,0.0,30.0,0.0,13.0,96.0,8.1,0.251,0.02,0.1449637439803375,0.0
2025-03-23 05:00:00+01:00,18.642857142857142,10.5,18.56285852288737,10.508400394998812,5,0,23,3,82,7.6,74.0,0.0,100.0,0.0,14.1,96.0,8.0,0.251,0.02,0.18547842769620182,0.0
2025-03-23 06:00:00+01:00,18.783333333333335,10.5,18.76679593602975,10.5,6,0,23,3,82,7.3,77.0,0.0,100.0,0.0,15.6,98.0,7.8,0.25,0.02,0.1069719266417195,0.0
2025-03-23 07:00:00+01:00,18.733333333333334,10.5,18.77680237617081,10.5,7,0,23,3,82,7.6,78.0,0.0,99.0,27.0,16.0,105.0,7.7,0.25,0.03,-0.10839796801487545,0.0
2025-03-23 08:00:00+01:00,18.466666666666665,10.5,18.55,10.5,8,0,23,3,82,8.9,77.0,0.0,91.0,129.0,15.6,105.0,7.6,0.249,0.07,-0.31842923367076637,0.0
2025-03-23 09:00:00+01:00,17.985714285714288,10.557142857142859,18.139943908829277,10.516800789997621,9,0,23,3,82,10.0,75.0,0.0,59.0,216.0,18.6,118.0,7.6,0.249,0.11,-0.428334138350964,0.0
2025-03-23 10:00:00+01:00,17.616666666666667,11.083333333333334,17.693331723298073,10.896403297834702,10,0,23,3,82,11.0,73.0,0.5,76.0,352.0,16.3,131.0,7.6,0.252,0.16,-0.2701052488658853,0.0
2025-03-23 11:00:00+01:00,17.583333333333332,11.783333333333333,17.599733411097507,11.536732106365841,11,0,23,3,82,10.9,76.0,3.1,100.0,347.0,12.1,137.0,7.7,0.292,0.16,-0.031565287047378376,0.0
2025-03-23 12:00:00+01:00,17.666666666666668,12.200000000000001,17.630201149203316,12.083797851368615,12,0,23,3,82,10.6,77.0,0.3,100.0,194.0,10.9,135.0,7.7,0.294,0.11,-0.03412437424910664,0.0
2025-03-23 13:00:00+01:00,17.428571428571427,12.585714285714285,17.531484662599294,12.422516455742135,13,0,23,3,82,11.8,73.0,0.1,100.0,214.0,12.7,123.0,7.8,0.294,0.13,-0.16350015265179785,0.0
2025-03-23 14:00:00+01:00,17.3,13.450000000000001,17.30320084389972,13.213663751899738,14,0,23,3,82,12.4,71.0,0.5,95.0,278.0,13.3,122.0,7.9,0.281,0.15,-0.10077505114923468,0.0
2025-03-23 15:00:00+01:00,17.349999999999998,13.866666666666667,17.329934560300824,13.736534177233052,15,0,23,3,82,13.5,65.0,0.0,100.0,387.0,11.0,115.0,8.0,0.279,0.2,0.042359348209474845,0.0
2025-03-23 16:00:00+01:00,17.419999999999998,14.219999999999999,17.38791954031867,14.096158987320337,16,0,23,3,82,13.3,66.0,0.0,100.0,306.0,11.2,105.0,8.1,0.278,0.16,0.16643255567768556,0.0
2025-03-23 17:00:00+01:00,17.771428571428572,14.142857142857142,17.662799671656195,14.209027058088333,17,0,23,3,82,12.3,72.0,0.0,80.0,100.0,10.8,87.0,8.3,0.277,0.08,0.2959731801062251,0.0
2025-03-23 18:00:00+01:00,18.099999999999998,13.683333333333332,17.97986590053112,13.860264978867228,18,0,23,3,82,11.4,77.0,0.0,81.0,50.0,8.1,107.0,8.4,0.276,0.04,0.3004663700066228,0.0
2025-03-23 19:00:00+01:00,18.316666666666666,13.133333333333333,18.26373241166944,13.296334638064998,19,0,23,3,82,9.7,84.0,0.0,74.0,3.0,6.3,141.0,8.4,0.276,0.02,0.2701340994688781,0.0
2025-03-23 20:00:00+01:00,18.583333333333332,12.5,18.520134099468876,12.773532872501386,20,0,23,3,82,8.1,90.0,0.0,54.0,0.0,4.2,162.0,8.4,0.276,0.0,0.173820034294204,0.0
2025-03-23 21:00:00+01:00,18.657142857142855,12.014285714285714,18.61137248025785,12.071030413112615,21,0,23,3,82,7.2,90.0,0.0,51.0,0.0,4.2,198.0,8.3,0.276,0.0,0.12490103543360753,0.0
2025-03-23 22:00:00+01:00,18.849999999999998,12.0,18.76993617033609,12.0,22,0,23,3,82,6.0,93.0,0.0,11.0,0.0,1.2,207.0,8.2,0.276,0.0,0.1525784334347069,0.0
2025-03-23 23:00:00+01:00,18.883333333333333,11.216666666666667,18.916529347127263,11.483333333333333,23,0,23,3,82,5.5,93.0,0.0,13.0,0.0,1.5,194.0,8.1,0.276,0.0,0.025098964566392823,0.0
2025-03-24 00:00:00+01:00,18.8,10.883333333333333,18.820134099468877,10.99679915610028,0,0,24,3,83,5.3,93.0,0.0,8.0,0.0,4.0,219.0,7.9,0.276,0.0,-0.019721980592677824,0.0
2025-03-24 01:00:00+01:00,19.0,10.714285714285714,18.877085385941907,10.75988643762833,1,0,24,3,83,5.3,91.0,0.0,5.0,0.0,6.0,241.0,7.7,0.275,0.0,0.1949664751327802,0.0
2025-03-24 02:00:00+01:00,19.233333333333334,10.699999999999998,19.210067049734437,10.699999999999998,2,0,24,3,83,7.6,85.0,0.0,41.0,0.0,4.8,257.0,7.9,0.258,0.0,0.2363240125777999,0.0
2025-03-24 03:00:00+01:00,19.4,10.699999999999998,19.349733411097507,10.699999999999998,3,0,24,3,83,6.7,90.0,0.0,1.0,0.0,5.4,250.0,7.8,0.258,0.0,0.14349934763416883,0.0
2025-03-24 04:00:00+01:00,19.516666666666666,10.699999999999998,19.497065745002775,10.699999999999998,4,0,24,3,83,6.5,92.0,0.0,58.0,0.0,6.7,250.0,7.6,0.258,0.0,0.06359116065100423,0.0
2025-03-24 05:00:00+01:00,19.485714285714288,10.7,19.476915732399515,10.7,5,0,24,3,83,5.3,95.0,0.0,100.0,0.0,5.4,249.0,7.4,0.259,0.0,0.008200038882085536,0.0
2025-03-24 06:00:00+01:00,19.516666666666666,10.699999999999998,19.513465822766946,10.699999999999998,6,0,24,3,83,6.7,95.0,0.0,100.0,0.0,4.3,255.0,7.3,0.259,0.0,-0.0028616637484937257,0.0
2025-03-24 07:00:00+01:00,19.333333333333332,10.699999999999998,19.471192404902528,10.699999999999998,7,0,24,3,83,7.8,92.0,0.0,100.0,15.0,5.5,257.0,7.2,0.259,0.01,0.13545396928879505,0.0
2025-03-24 08:00:00+01:00,19.900000000000002,10.15,19.784373761344536,10.481457383769756,8,0,24,3,83,9.1,90.0,0.0,100.0,63.0,5.5,257.0,7.1,0.259,0.04,-0.21646830407166817,0.0
2025-03-24 09:00:00+01:00,18.814285714285713,9.828571428571427,19.03825579675919,9.749952260596869,9,0,24,3,83,10.3,86.0,0.1,100.0,123.0,4.8,285.0,7.1,0.26,0.07,-0.6220871110882413,0.0
2025-03-24 10:00:00+01:00,18.400000000000002,10.0,18.540199539168054,9.993598312200563,10,0,24,3,83,10.9,85.0,0.1,100.0,151.0,4.9,303.0,7.1,0.26,0.08,-0.7055631110462528,0.0
2025-03-24 11:00:00+01:00,17.25,11.433333333333332,17.627129574666686,10.7890725739647,11,0,24,3,83,11.7,81.0,0.0,47.0,210.0,4.4,322.0,7.2,0.26,0.12,-0.9733652481652886,0.0
2025-03-24 12:00:00+01:00,16.233333333333334,14.566666666666668,16.593469042837476,13.428472346425275,12,0,24,3,83,12.8,74.0,0.4,100.0,451.0,5.2,338.0,7.4,0.263,0.23,-0.7569343408932241,10.0
2025-03-24 13:00:00+01:00,16.2,17.32857142857143,16.113260892880238,16.606851289461208,13,0,24,3,83,13.1,70.0,0.1,53.0,378.0,5.8,324.0,7.6,0.263,0.2,-0.030166819318464988,0.0
2025-03-24 14:00:00+01:00,16.716666666666665,18.333333333333332,16.533135404200547,18.177860681604457,14,0,24,3,83,13.7,64.0,0.0,37.0,453.0,8.1,332.0,7.9,0.26,0.24,0.4467683265923892,0.0
2025-03-24 15:00:00+01:00,17.083333333333332,18.05,17.006797546065016,18.16326789363416,15,0,24,3,83,14.0,62.0,0.0,41.0,452.0,7.6,329.0,8.2,0.259,0.23,0.32700030530359747,0.0
2025-03-24 16:00:00+01:00,17.2,17.900000000000002,17.18713601480774,17.902736325864435,16,0,24,3,83,13.9,63.0,0.0,22.0,328.0,7.3,337.0,8.4,0.258,0.17,0.2534013269500015,30.0
2025-03-24 17:00:00+01:00,17.77142857142857,18.62857142857143,17.51360019996502,18.45793917377477,17,0,24,3,83,13.4,66.0,0.0,33.0,209.0,6.4,344.0,8.6,0.257,0.11,0.49659720187933054,20.0
2025-03-24 18:00:00+01:00,18.25,17.76666666666667,18.180330418566403,18.140397468300844,18,0,24,3,83,11.7,78.0,0.0,34.0,81.0,3.9,326.0,8.8,0.257,0.03,0.44823342488470885,0.0
2025-03-24 19:00:00+01:00,18.5,16.516666666666666,18.410067049734437,16.953665361935002,19,0,24,3,83,10.5,80.0,0.0,57.0,3.0,4.6,306.0,8.8,0.257,0.02,0.2001332944512466,0.0
2025-03-24 20:00:00+01:00,18.566666666666666,15.200000000000001,18.580597007468896,15.619867510566387,20,0,24,3,83,9.7,84.0,0.0,37.0,0.0,4.1,311.0,8.8,0.257,0.0,0.12325399777503776,0.0
2025-03-24 21:00:00+01:00,18.75714285714286,14.014285714285714,18.656575045284512,14.34537221856905,21,0,24,3,83,8.7,88.0,0.0,49.0,0.0,3.8,349.0,8.8,0.258,0.0,0.13136735791458598,0.0
2025-03-24 22:00:00+01:00,18.883333333333333,13.083333333333334,18.843331723298068,13.36673532643637,22,0,24,3,83,7.9,93.0,0.0,38.0,0.0,2.8,35.0,8.7,0.258,0.0,0.1467124773577435,0.0
2025-03-24 23:00:00+01:00,18.983333333333334,12.333333333333334,18.95,12.569798850796682,23,0,24,3,83,7.5,93.0,0.0,74.0,0.0,2.8,215.0,8.6,0.259,0.0,0.15676724126832653,0.0
2025-03-25 00:00:00+01:00,19.216666666666665,11.766666666666666,19.15686620583472,11.953734021704705,0,0,25,3,84,7.5,93.0,0.8,47.0,0.0,7.0,226.0,8.4,0.267,0.0,-0.011245010204568473,0.0
2025-03-25 01:00:00+01:00,18.885714285714283,11.414285714285715,18.927509979590862,11.517140097082404,1,0,25,3,84,7.2,95.0,0.0,56.0,0.0,8.2,202.0,8.3,0.268,0.0,0.08221879550422173,0.0
2025-03-25 02:00:00+01:00,19.433333333333334,10.799999999999999,19.321303796843164,10.989803680902474,2,0,25,3,84,4.8,98.0,0.0,85.0,0.0,4.2,198.0,8.4,0.27,0.0,0.30784623717206117,0.0
2025-03-25 03:00:00+01:00,19.616666666666667,10.6,19.543202453934985,10.629401382495839,3,0,25,3,84,6.5,94.0,0.0,94.0,0.0,6.9,245.0,8.3,0.27,0.0,0.1943472965607853,0.0
2025-03-25 04:00:00+01:00,19.75,10.6,19.709998389964735,10.6,4,0,25,3,84,7.5,94.0,0.2,99.0,0.0,10.1,235.0,8.1,0.272,0.0,0.1984849798339301,0.0
2025-03-25 05:00:00+01:00,20.014285714285712,10.6,19.940172413602845,10.6,5,0,25,3,84,7.7,91.0,0.2,45.0,0.0,7.8,226.0,8.0,0.275,0.0,0.17660042194986048,0.0
2025-03-25 06:00:00+01:00,20.083333333333332,10.6,20.063199233864456,10.6,6,0,25,3,84,6.5,93.0,0.0,37.0,0.0,6.3,235.0,7.9,0.275,0.0,0.07488026833135919,0.0
2025-03-25 07:00:00+01:00,20.083333333333332,10.6,20.089932950265563,10.6,7,0,25,3,84,7.4,89.0,0.0,25.0,41.0,8.3,224.0,7.8,0.275,0.01,-0.03123406346334079,0.0
2025-03-25 08:00:00+01:00,19.900000000000002,10.6,20.000731106937774,10.6,8,0,25,3,84,9.3,90.0,0.0,36.0,153.0,6.5,231.0,7.7,0.275,0.06,-0.4189395478888489,0.0
2025-03-25 09:00:00+01:00,18.842857142857145,10.557142857142859,19.252053854487865,10.583029556459987,9,0,25,3,84,11.6,83.0,0.0,23.0,316.0,3.6,233.0,7.7,0.276,0.14,-1.1843359427966629,0.0
2025-03-25 10:00:00+01:00,16.900000000000002,12.233333333333334,17.63205922134445,11.34341826049022,10,0,25,3,84,12.9,72.0,0.0,34.0,446.0,8.6,282.0,7.8,0.275,0.21,-1.6445173361668761,0.0
2025-03-25 11:00:00+01:00,15.883333333333333,16.55,15.963019182154113,15.20465500759895,11,0,25,3,84,12.9,69.0,0.0,66.0,511.0,11.2,289.0,7.9,0.274,0.24,-0.4712307598755423,0.0
2025-03-25 12:00:00+01:00,17.183333333333334,16.916666666666668,16.689597701593364,17.099121746276694,12,0,25,3,84,12.9,70.0,0.2,32.0,384.0,8.5,266.0,8.1,0.274,0.2,0.7246302085234326,0.0
2025-03-25 13:00:00+01:00,17.37142857142857,16.17142857142857,17.41227959920098,16.31057616362594,13,0,25,3,84,13.3,72.0,0.2,45.0,534.0,11.3,297.0,8.3,0.275,0.26,0.3049636342439701,0.0
2025-03-25 14:00:00+01:00,17.36,16.6,17.299524970081304,16.432317974640675,14,0,25,3,84,12.8,72.0,0.5,56.0,265.0,9.9,291.0,8.6,0.339,0.15,0.04866146624908829,0.0
2025-03-25 15:00:00+01:00,17.6,16.6,17.509602531699155,16.613465822766948,15,0,25,3,84,12.4,75.0,0.1,52.0,377.0,10.7,314.0,8.8,0.338,0.18,0.23050329884420862,20.0
2025-03-25 16:00:00+01:00,17.833333333333332,16.316666666666666,17.76053156776972,16.426733716401106,16,0,25,3,84,12.4,74.0,0.0,22.0,278.0,8.6,309.0,9.0,0.336,0.14,0.28656983437804584,40.0
2025-03-25 17:00:00+01:00,18.2,15.942857142857141,18.082742200455247,16.086112444030242,17,0,25,3,84,12.0,75.0,0.0,29.0,203.0,9.0,314.0,9.1,0.335,0.1,0.3713003081801478,0.0
2025-03-25 18:00:00+01:00,18.650000000000002,14.966666666666667,18.503132184130017,15.303467432802213,18,0,25,3,84,10.7,81.0,0.0,21.0,79.0,6.5,312.0,9.2,0.334,0.04,0.4419965629905622,0.0
2025-03-25 19:00:00+01:00,19.116666666666667,14.149999999999999,18.96673532643637,14.460394248230314,19,0,25,3,84,9.0,85.0,0.0,19.0,4.0,2.4,279.0,9.2,0.334,0.01,0.45150145738346303,0.0
2025-03-25 20:00:00+01:00,19.583333333333332,13.699999999999998,19.406135098896943,13.72880759509747,20,0,25,3,84,7.9,88.0,0.0,22.0,0.0,2.8,243.0,9.2,0.333,0.0,0.4710316134391981,0.0
2025-03-25 21:00:00+01:00,20.057142857142857,13.7,19.908798553314767,13.699999999999998,21,0,25,3,84,7.2,91.0,0.0,48.0,0.0,4.1,232.0,9.1,0.333,0.0,0.3102003441856862,0.0
2025-03-25 22:00:00+01:00,19.916666666666668,11.1,20.026535787268315,11.966666666666667,22,0,25,3,84,6.4,91.0,0.0,86.0,0.0,7.6,265.0,8.9,0.332,0.0,0.12923497546329443,0.0
2025-03-25 23:00:00+01:00,20.383333333333333,11.1,20.167268504241356,11.1,23,0,25,3,84,5.7,92.0,0.0,100.0,0.0,10.7,297.0,8.7,0.331,0.0,0.2752282339294805,0.0
2025-03-26 00:00:00+01:00,20.566666666666666,11.1,20.576992255127276,11.1,0,0,26,3,85,5.0,95.0,0.0,100.0,0.0,7.2,270.0,8.5,0.331,0.0,0.2626225599270473,0.0
2025-03-26 01:00:00+01:00,20.642857142857142,9.985714285714286,20.69251362409545,10.657238335949119,1,0,26,3,85,5.4,93.0,0.0,100.0,0.0,6.4,241.0,8.3,0.33,0.0,-0.1642615643862655,0.0
2025-03-26 02:00:00+01:00,20.183333333333334,8.5,20.248469126354745,8.583221941392694,2,0,26,3,85,6.4,87.0,0.0,100.0,0.0,5.4,270.0,9.5,0.274,0.0,-0.17959014538105933,0.0
2025-03-26 03:00:00+01:00,20.416666666666668,8.5,20.333333333333332,8.5,3,0,26,3,85,6.4,83.0,0.0,100.0,0.0,5.9,256.0,9.4,0.275,0.0,0.1073993836397058,0.0
2025-03-26 04:00:00+01:00,20.483333333333334,8.5,20.463267893634157,8.5,4,0,26,3,85,6.3,83.0,0.0,100.0,0.0,4.6,231.0,9.2,0.274,0.0,0.06344620568989079,0.0
2025-03-26 05:00:00+01:00,20.400000000000002,7.871428571428572,20.460225744713114,8.185714285714285,5,0,26,3,85,6.5,81.0,0.0,100.0,0.0,4.6,252.0,9.0,0.275,0.0,-0.08173291138347238,0.0
2025-03-26 06:00:00+01:00,20.316666666666666,7.400000000000001,20.299802070867212,7.400000000000001,6,0,26,3,85,6.5,81.0,0.1,100.0,0.0,5.9,256.0,8.9,0.275,0.0,-0.10167976943919577,0.0
2025-03-26 07:00:00+01:00,20.21666666666667,7.400000000000001,20.256866205834722,7.400000000000001,7,0,26,3,85,6.7,84.0,0.0,100.0,11.0,8.6,248.0,8.7,0.275,0.03,-0.05983479071679909,0.0
2025-03-26 08:00:00+01:00,20.116666666666667,7.400000000000001,20.180132489433614,7.400000000000001,8,0,26,3,85,7.1,82.0,0.2,100.0,33.2,8.0,260.0,8.6,0.275,0.04,-0.34574630361772307,0.0
2025-03-26 09:00:00+01:00,19.428571428571427,7.4,19.565373598599276,7.4,9,0,26,3,85,7.5,79.0,0.5,100.0,53.5,8.4,263.0,8.5,0.276,0.05,-0.3123066577396294,0.0
2025-03-26 10:00:00+01:00,19.6,7.4,19.555519173954355,7.4,10,0,26,3,85,7.8,83.0,0.1,98.0,49.2,6.5,264.0,8.4,0.277,0.04,0.0024792150011947456,60.0
2025-03-26 11:00:00+01:00,19.55,7.400000000000001,19.570332028601666,7.400000000000001,11,0,26,3,85,8.6,83.0,0.4,100.0,114.0,9.5,279.0,8.4,0.278,0.07,-0.05422671447579219,20.0
2025-03-26 12:00:00+01:00,19.349999999999998,7.400000000000001,19.44706574500277,7.400000000000001,12,0,26,3,85,8.3,83.0,0.3,100.0,74.8,8.7,277.0,8.4,0.28,0.06,-0.22333652449585273,10.0
2025-03-26 13:00:00+01:00,18.928571428571427,7.4,19.12365897960996,7.4,13,0,26,3,85,8.1,87.0,0.2,100.0,44.2,8.7,277.0,8.4,0.28,0.04,-0.2874329085069238,0.0
2025-03-26 14:00:00+01:00,19.016666666666666,7.400000000000001,18.872199927988923,7.400000000000001,14,0,26,3,85,7.9,84.0,0.0,100.0,70.5,10.7,290.0,8.4,0.281,0.05,0.048275914902472294,30.0
2025-03-26 15:00:00+01:00,19.416666666666668,7.966666666666666,19.220210809414905,7.566607834143089,15,0,26,3,85,7.8,88.0,0.0,100.0,62.2,8.2,308.0,8.4,0.281,0.04,0.3703280035135066,20.0
2025-03-26 16:00:00+01:00,19.633333333333333,9.1,19.612855935015936,8.933392165856912,16,0,26,3,85,8.1,87.0,0.0,100.0,47.2,10.3,306.0,8.4,0.281,0.04,0.2798618754429594,30.0
2025-03-26 17:00:00+01:00,19.833333333333332,9.083333333333334,19.779934560300823,9.09679915610028,17,0,26,3,85,7.9,84.0,0.0,100.0,43.0,9.4,328.0,8.4,0.281,0.04,0.13703705024134827,0.0
2025-03-26 18:00:00+01:00,19.933333333333334,9.0,19.886930035498633,9.019867510566385,18,0,26,3,85,7.8,84.0,0.0,100.0,22.2,6.8,302.0,8.4,0.281,0.03,0.12490103543360576,0.0
2025-03-26 19:00:00+01:00,20.083333333333332,8.950000000000001,20.029736631168035,8.990397468300843,19,0,26,3,85,7.4,86.0,0.0,100.0,1.5,6.2,277.0,8.3,0.281,0.02,0.07490103543360505,0.0
2025-03-26 20:00:00+01:00,19.983333333333334,8.7,20.036732106365843,8.759602531699157,20,0,26,3,85,7.2,86.0,0.0,100.0,0.0,5.9,259.0,8.3,0.282,0.0,0.022332012759788356,0.0
2025-03-26 21:00:00+01:00,20.114285714285717,8.7,20.07440065668761,8.7,21,0,26,3,85,7.3,86.0,0.0,100.0,0.0,5.2,282.0,8.2,0.282,0.0,0.02330061348374457,0.0
2025-03-26 22:00:00+01:00,20.05,8.6,20.083333333333332,8.633333333333333,22,0,26,3,85,7.2,88.0,0.0,100.0,0.0,4.3,265.0,8.1,0.282,0.0,0.0010332354055009318,0.0
2025-03-26 23:00:00+01:00,20.116666666666667,8.566666666666666,20.076467127498614,8.590199539168053,23,0,26,3,85,7.4,88.0,0.0,100.0,0.0,4.7,302.0,8.1,0.282,0.0,0.006732911383474871,0.0
2025-03-27 00:00:00+01:00,20.083333333333332,8.5,20.096799156100282,8.509800460831947,0,0,27,3,86,7.3,90.0,0.0,75.0,0.0,4.7,279.0,8.0,0.282,0.0,-0.10251927803501992,0.0
2025-03-27 01:00:00+01:00,19.871428571428574,8.5,19.871428571428574,8.5,1,0,27,3,86,7.1,89.0,0.0,86.0,0.0,4.4,279.0,8.0,0.282,0.0,0.0648339856991651,0.0
2025-03-27 02:00:00+01:00,20.25,8.5,20.226467127498612,8.5,2,0,27,3,86,7.2,88.0,0.0,100.0,0.0,2.9,300.0,7.9,0.283,0.0,0.17925299443612452,0.0
2025-03-27 03:00:00+01:00,20.3,8.5,20.229934560300823,8.5,3,0,27,3,86,7.2,88.0,0.0,100.0,0.0,3.7,299.0,7.9,0.283,0.0,0.17046532305291429,0.0
2025-03-27 04:00:00+01:00,20.650000000000002,8.333333333333334,20.56739777360444,8.450997695840268,4,0,27,3,86,7.0,88.0,0.0,79.0,0.0,4.6,315.0,7.8,0.293,0.0,0.16906188377637754,0.0
2025-03-27 05:00:00+01:00,20.571428571428573,8.0,20.568058327853578,8.042001974994056,5,0,27,3,86,6.2,90.0,0.0,93.0,0.0,7.1,311.0,7.8,0.293,0.0,0.0680348295988864,0.0
2025-03-27 06:00:00+01:00,20.75,8.0,20.703467432802213,8.0,6,0,27,3,86,5.5,92.0,0.0,86.0,0.0,8.2,308.0,7.7,0.293,0.0,0.07793520145669319,0.0
2025-03-27 07:00:00+01:00,20.616666666666667,7.333333333333333,20.723928730766964,7.666666666666667,7,0,27,3,86,5.5,93.0,0.0,99.0,25.8,8.4,313.0,7.6,0.293,0.01,-0.2568662058347204,0.0
2025-03-27 08:00:00+01:00,20.066666666666666,7.05,20.189735021132773,7.009602531699158,8,0,27,3,86,5.4,93.0,0.0,100.0,71.8,7.4,317.0,7.6,0.293,0.03,-0.43064935632657964,0.0
2025-03-27 09:00:00+01:00,19.728571428571428,7.571428571428571,19.862630018113805,7.380227124743338,9,0,27,3,86,5.8,92.0,0.0,100.0,141.2,5.4,312.0,7.5,0.293,0.06,-0.3798012658495793,0.0
2025-03-27 10:00:00+01:00,19.283333333333335,7.8,19.430132489433614,7.796799156100282,10,0,27,3,86,7.0,87.0,0.0,97.0,233.2,7.0,305.0,7.6,0.293,0.1,-0.42444880322218204,10.0
2025-03-27 11:00:00+01:00,18.849999999999998,7.8,19.01373241166944,7.800000000000001,11,0,27,3,86,7.8,83.0,0.0,94.0,332.2,7.4,317.0,7.7,0.293,0.14,-0.35566969232676016,10.0
2025-03-27 12:00:00+01:00,18.6,7.8,18.718793104780094,7.800000000000001,12,0,27,3,86,8.6,79.0,0.0,93.0,384.8,7.3,327.0,7.9,0.292,0.17,-0.2949393068893471,10.0
